,drop_white_pos_y,drop_white_pos_z,drop_white_pos_x,drop_black_pos_x,drop_black_pos_y,drop_black_pos_z,max_belt,quality,dx,dy,da
0,-0.6851877937841736,-1.4092200926581695,-1.170763898569706,-1.1707897167236314,0.7410748335710464,-1.2480967106818386,0.0,0.0,0.21690762043,0.430107504129,0.48170673745399994
1,-0.490022810306386,-1.4262094474801892,-1.2111701581902568,-1.2114296805565452,0.6499374844663123,-0.7876560729516862,0.0,1.0,1.08453810215,4.73118254542,4.85389649386
2,-0.6901512059406377,-1.4373997909844707,-1.1952246493668366,-1.1953399327359187,0.7347479830523026,-0.6157411353289899,0.0,0.0,0.43381524086,1.07526876032,1.15948202665
3,0.10635826795463096,-1.6996525720747133,-1.1530112557004897,-1.153162823379251,0.11052489118196254,-0.8379353910658354,0.0,1.0,14.098995327899999,4.0860212892300005,14.6791430007
4,-0.16411815793841766,-1.1955922293554637,-1.2743496179989764,-1.2742538606661171,0.7240004014546613,-1.4951591455381616,0.0,1.0,16.7018867731,0.21505375206500002,16.7032712334
5,-0.6860439143464657,-1.4115057050575153,-1.2045050365462904,-1.204537341221956,0.7422288481279986,-1.2164392184807427,0.0,0.0,0.43381524086,0.645161256194,0.7774501332539999
6,-0.6842848809429806,-1.4377471404518674,-1.1954146850735816,-1.195405853134449,0.7345235146495201,-1.5313707071152953,0.0,0.0,0.21690762043,0.860215008259,0.887140787155
7,-0.6069499428749052,-1.3247587557114806,-1.200088827750274,-1.2001631215739619,0.8261026480670453,-0.7828695206324245,0.0,0.0,0.0,0.645161256194,0.645161256194
8,-0.6016819216492744,-1.3236937880185065,-1.1848507354098532,-1.1848722016443143,0.8272026278863992,-1.1676419261910644,0.0,0.0,0.21690762043,0.645161256194,0.680648192751
9,0.3611489554724834,-0.9186394087273595,-1.2643270311666186,-1.2635393752724584,0.7226945560429748,-1.3137787838876807,0.0,1.0,2.1690762043,5.16129004955,5.59855397006
10,0.15829930628661965,-1.007465895330337,-1.264160433868757,-1.2636350772345144,0.7221292583593626,-1.3477450818829584,0.0,1.0,0.6507228612899999,5.16129004955,5.20214909608
11,-0.6889117740855872,-1.4092109515303572,-1.2045721434271939,-1.2046260368091388,0.7391137050048943,-1.0142378779054138,0.0,0.0,0.6507228612899999,1.07526876032,1.25683855333
12,-0.3960459337998893,-1.3133729295419085,-1.2349741430186538,-1.2351942420958144,0.721302388509697,-0.8858008384241113,0.0,1.0,2.38598382473,4.9462362974900005,5.491645684349999
13,-0.6908157789591677,-1.437080329746776,-1.171252003759641,-1.1713425601197984,0.7342117660674354,-0.8345994449248221,0.0,0.0,0.0,0.860215008259,0.860215008259
14,-0.12978134911309858,-1.1831896253075453,-1.263921706521696,-1.263953887557615,0.7213638639933461,-0.3643686872956977,0.0,1.0,0.43381524086,4.51612879336,4.53691689823
15,-0.4686571993193122,-1.3187983575966995,-1.2244468391339003,-1.2246850595521441,0.7006394216158521,-0.9649708676497275,0.0,1.0,14.749718189200001,0.21505375206500002,14.751285868599998
16,0.5370764867477024,-0.8812254886824774,-1.2379532962315347,-1.2367839362687003,0.646233219631997,-1.4020791897974025,0.0,1.0,0.21690762043,5.16129004955,5.16584590279
17,-0.6124467472200877,-1.3463643189270345,-1.1900021109269974,-1.1899904149585272,0.8184666333353087,-1.4632575334636224,0.0,1.0,0.0,0.0,0.0
18,0.1280159470307679,-1.0519278622848371,-1.2641470029050685,-1.2636693687712712,0.7238226968672731,-1.4134287221704,0.0,1.0,4.3381524086,5.16129004955,6.742290508119999
19,-0.130980171052418,-1.2257928066839545,-1.2539659534744096,-1.2538887055405337,0.6496699973081511,-0.6072559752826124,0.0,1.0,1.08453810215,5.16129004955,5.2740058656199995
20,-0.2943424531304092,-1.2808823860328338,-1.2530511525444699,-1.2532051020424968,0.7172767914902205,-0.5426220576426234,0.0,1.0,14.749718189200001,1.07526876032,14.7888603202
21,-0.4072113124717419,-1.4153433232636052,-1.2270007515432737,-1.2271123550157057,0.636833934178096,-1.1053323586817676,0.0,1.0,1.73526096344,4.30107504129,4.63792810661
22,-0.4557418174058423,-1.3518303952488446,-1.2073763907880943,-1.2076260114780706,0.7225411843717283,-1.1488237808808104,0.0,1.0,14.098995327899999,0.860215008259,14.1252128875
23,0.2479508121069724,-0.9703343376250161,-1.2564371042784883,-1.2558514150157476,0.7139049962139719,-0.8403754871682783,0.0,1.0,26.6796373129,15.9139776528,31.065378347600003
24,-0.5223255492852876,-0.875873178408868,-0.8610064483687279,-0.8610666721347405,0.6000382476951712,-0.5007268983828728,0.0,0.0,0.0,1.07526876032,1.07526876032
25,-0.68817085748062,-1.439975176133757,-1.1953869824848546,-1.1955185500108958,0.7347597233427492,-0.5529804361843762,0.0,0.0,0.0,0.645161256194,0.645161256194
26,-0.4385651066839166,-1.3463739149925493,-1.2069910764868397,-1.2072400142793578,0.720588573763142,-1.0331585181456147,0.0,1.0,0.86763048172,5.376343801619999,5.445902618119999
27,-0.1685355897349558,-1.256398630736071,-1.263729382746883,-1.2636827417155456,0.6490185606665553,-0.7150193380149473,0.0,1.0,3.6874295473100003,4.0860212892300005,5.503881052710001
28,-0.17462310228118727,-1.2560974270092664,-1.247329500626681,-1.2472297619578983,0.6529154805128518,-1.0796605603654386,0.0,1.0,2.38598382473,4.73118254542,5.298774112
29,-0.6852611572101748,-1.4113955954643753,-1.2043013335727542,-1.2043261778482781,0.740670145094764,-1.2117692822880581,0.0,0.0,0.21690762043,0.430107504129,0.48170673745399994
30,-0.6861597346025651,-1.409206081309833,-1.2044483949122797,-1.2044923411848547,0.740256254637116,-1.1400056273384647,0.0,0.0,0.21690762043,0.0,0.21690762043
31,-0.26480988869663763,-1.279454759779187,-1.2531104596579412,-1.2532162721516877,0.7135519069137317,-0.6524201121813975,0.0,1.0,0.86763048172,5.8064513057500005,5.870916403659999
32,-0.6082250694947835,-1.3507104345322507,-1.1895132665659331,-1.1896288152692123,0.8190710767550333,-0.6006870915240747,0.0,0.0,0.0,0.430107504129,0.430107504129
33,-0.6847800724252888,-1.4114921065934092,-1.2040813349863295,-1.204106115558727,0.7407764638560337,-1.2480714549814942,0.0,0.0,0.0,1.29032251239,1.29032251239
34,-0.6906074363219068,-1.437360067306015,-1.1952747918546422,-1.1953886872405266,0.7338090044098521,-0.6646014688358971,0.0,0.0,0.21690762043,0.860215008259,0.887140787155
35,-0.39487518278540024,-1.358913685023193,-1.2276279096642124,-1.2277442402174665,0.6496636931475526,-1.0645944790671864,0.0,1.0,0.43381524086,5.376343801619999,5.3938176031800005
36,-0.6903373011138538,-1.4377111118039183,-1.195269480920219,-1.1953912385672132,0.7359920230437125,-0.5842302810833029,0.0,0.0,0.21690762043,0.21505375206500002,0.305445628677
37,-0.684183251239275,-1.412901613399435,-1.2040624186841522,-1.2040901235611592,0.7410621994122081,-1.2188152607379203,0.0,0.0,0.0,0.860215008259,0.860215008259
38,-0.5614307196391957,-1.7866301917585514,0.8070122658462391,0.8070085876284692,-1.7266787782520963,-1.5518070644740904,0.0,1.0,0.0,5.16129004955,5.16129004955
39,-0.6076632411941894,-1.3230772038818455,-1.1999772534840771,-1.2000610316394797,0.825589086537183,-0.7785097475786841,0.0,0.0,0.21690762043,0.21505375206500002,0.305445628677
40,-0.6063157833667217,-1.3265211594694033,-1.2001102883521468,-1.2001723788890941,0.8252558819037574,-0.8806450002157518,0.0,0.0,0.43381524086,0.645161256194,0.7774501332539999
41,-0.4462871255154391,-1.3475689128291422,-1.1967263844172014,-1.1969680551529327,0.7226306647056446,-1.066616326449927,0.0,1.0,9.54393529892,2.79569877684,9.94498027352
42,-0.6837263437359818,-1.4093568504564558,-1.204486356278171,-1.2045182402176433,0.7416190998831473,-1.1769685502447544,0.0,0.0,0.43381524086,0.645161256194,0.7774501332539999
43,-0.39343801218091556,-1.2861915710978185,-1.2455540911361858,-1.2457767264502182,0.7356350960648464,-0.969669253767525,0.0,1.0,13.4482724667,0.860215008259,13.47575609
44,-0.6842135467706743,-1.4373584500673522,-1.1953425805177638,-1.1953354482229188,0.7347135079309779,-1.516485422310717,0.0,0.0,0.0,0.430107504129,0.430107504129
45,-0.6812439890278071,-1.4139788258436385,-1.1805524370820935,-1.1805616653895508,0.7415879337693467,-1.3460500199468957,0.0,0.0,0.0,0.430107504129,0.430107504129
46,-0.6706487640895904,-1.372701637669788,-1.190031849371679,-1.1901070594947607,0.7488845918118169,-0.8832158567380932,0.0,0.0,0.43381524086,0.860215008259,0.963413474909
47,-0.3684643368273571,-1.3548492755380657,-1.2276015605720758,-1.2277390746090946,0.6467607552005384,-0.6595484735727187,0.0,1.0,1.73526096344,5.16129004955,5.445185542000001
48,-0.1656607545105031,-1.2480761242061227,-1.2637335441683428,-1.2636360362384458,0.6494662222115094,-0.6702637839062134,0.0,1.0,0.86763048172,5.59139755368,5.6583132872
49,-0.44714828694012193,-1.350392888238218,-1.1966992403421834,-1.196945545026336,0.7224113286873971,-1.0699953522480508,0.0,1.0,16.7018867731,1.9354837685799997,16.8136587095
50,-0.20466676622395674,-1.2311825793240045,-1.2424377058532947,-1.24248533565413,0.7168963550248546,-0.4869763912217788,0.0,1.0,14.749718189200001,2.36559127271,14.9382130368
51,-0.11230362143074712,-1.2554505642525635,-1.575450029812236,-1.5748768600824408,0.3751899408318515,-1.668078885545673,0.0,1.0,2.38598382473,5.16129004955,5.68610884415
52,-0.608251585992856,-1.3487262444293417,-1.190175760371476,-1.1901648675092946,0.8180964325036161,-1.4615319210722144,0.0,0.0,0.21690762043,0.645161256194,0.680648192751
53,0.474066571456036,-0.8490965342205892,-1.2184860362737122,-1.2175599810813214,0.7222978269749691,-1.223520754809413,0.0,1.0,15.617348670999998,0.645161256194,15.630668973399999
54,-0.317684974221361,-1.3078934719372222,-1.2636797968081421,-1.2638392278477117,0.7155234108095884,-0.7071596067696998,0.0,1.0,2.1690762043,4.73118254542,5.20470747095
55,-0.6850723673546099,-1.4374357839591443,-1.1859610035609878,-1.1859523325302057,0.7340262349039319,-1.53184383812587,0.0,0.0,0.43381524086,0.860215008259,0.963413474909
56,-0.6112698559610774,-1.3485744696977642,-1.1799771895890447,-1.179966018268577,0.8210064656780696,-1.4319647470692871,0.0,1.0,15.834256291400001,21.505375206500002,26.7058951371
57,0.2610779654557956,-0.9704252426152082,-1.2641914799685685,-1.2636041437346972,0.7251728704986515,-1.3509708635657611,0.0,1.0,14.3159029484,2.15053752065,14.4765288953
58,-0.6057602513071716,-1.3240506924684705,-1.1742363751779339,-1.1742850185436713,0.8251315780808098,-1.0126898729665257,0.0,0.0,0.43381524086,1.29032251239,1.3612963855000002
59,-0.36776510541988205,-1.3497874596558743,-1.2372770581511074,-1.2373968195235248,0.648476872553258,-1.0212149531603991,0.0,1.0,3.03670668602,2.36559127271,3.84936482636
60,-0.6946953505585345,-1.4224612133295969,-1.1707562641900602,-1.1708366022852537,0.7342418199644996,-0.8652204923462123,0.0,0.0,0.21690762043,0.645161256194,0.680648192751
61,-8.774887634722994,-2.2636350239790204,0.8200284372293193,-1.219793209783257,-8.774887634722994,-1.9914614707710199,0.0,1.0,2.38598382473,5.16129004955,5.68610884415
62,0.07560733146155307,-1.0593370035499725,-1.2640565255464933,-1.263692052147052,0.7268195337903084,-1.4277638979040306,0.0,1.0,4.121244788169999,3.8709675371599994,5.65411781605
63,0.29422343016502917,-0.9640338327271305,-1.2271306691644832,-1.2263254075902168,0.6494850805496404,-1.5055366610013785,0.0,1.0,0.21690762043,4.30107504129,4.30654100487
64,-0.6719332207543077,-1.4050844445777397,-1.2047097648959022,-1.2048105425671618,0.7442539833469215,-0.662318428135001,0.0,0.0,0.21690762043,0.430107504129,0.48170673745399994
65,0.10010103780228724,-1.0601323931840656,-1.2641380524182724,-1.2637178910583358,0.7244682967622174,-1.4321801267487526,0.0,1.0,12.5806419849,2.15053752065,12.7631251808
66,-0.6041868314057873,-1.3221445420415476,-1.1748696084630532,-1.1748997935563554,0.8264878369344847,-1.1100027252077191,0.0,0.0,0.21690762043,0.430107504129,0.48170673745399994
67,-0.31901999977132034,-1.3147853835262495,-1.2530034434174826,-1.253163756825936,0.7152457845774827,-0.6469402799871293,0.0,1.0,1.08453810215,4.51612879336,4.64452819705
68,-0.6852352670098147,-1.439467518218611,-1.195382221059362,-1.1953725118726704,0.7363105158114023,-1.5445948535256093,0.0,0.0,0.43381524086,0.645161256194,0.7774501332539999
69,-0.6828807105367412,-1.4111004082754308,-1.179867606352925,-1.1798893820291414,0.742866660050296,-1.2484051728574512,0.0,0.0,0.21690762043,0.430107504129,0.48170673745399994
70,-0.6841894673785878,-1.4096466788198636,-1.1801589718872172,-1.1801804761051482,0.7401189792306894,-1.2499541601641018,0.0,0.0,0.21690762043,0.430107504129,0.48170673745399994
71,-0.6884825713632624,-1.4077069471635313,-1.2045371402716714,-1.2045966294331272,0.7421545011072963,-1.003987667099826,0.0,0.0,0.0,0.860215008259,0.860215008259
72,-0.34803953413912797,-1.3551157484643142,-1.2239335399403386,-1.2241357824497092,0.7145153100315533,-0.7224089916989519,0.0,1.0,13.4482724667,0.860215008259,13.47575609
73,-0.6093113205148402,-1.3459470205264592,-1.1902305418953552,-1.1902294637630588,0.8198459662976367,-1.3560822365748753,0.0,1.0,0.0,0.0,0.0
74,-0.6116977608821484,-1.3529884781051174,-1.21619525515239,-1.2163032535148024,0.8218372865275045,-0.5900632982433391,0.0,0.0,0.21690762043,1.29032251239,1.30842695699
75,-0.39040395449593635,-1.3414321086512053,-1.256633875474454,-1.2567486964016796,0.6539784715155091,-1.03986385716059,0.0,1.0,3.90433716774,3.6559137851,5.34878998685
76,-0.6894805400474118,-1.4059415436900828,-1.1806805576548172,-1.180762948735453,0.7425199765144693,-0.80029129839851,0.0,0.0,0.0,0.21505375206500002,0.21505375206500002
77,-0.6063651324475867,-1.350367543142622,-1.1903211384178427,-1.190312287523744,0.8227809203832728,-1.4305239404434187,0.0,1.0,0.0,0.0,0.0
78,-0.685785459011308,-1.4391278485557657,-1.195439490174992,-1.1954292659416592,0.7352538621854259,-1.5314827837519966,0.0,0.0,0.43381524086,0.860215008259,0.963413474909
79,0.5125135536266001,-0.7952414655609168,-1.1964791391082727,-1.1954836066476864,0.7196360001228221,-1.2295386840320248,0.0,1.0,2.8197990655900003,5.16129004955,5.8813418320899995
80,-0.4186040408661427,-1.3778293157179835,-1.2372861898105458,-1.237427800776815,0.6478912027164093,-1.073088542339127,0.0,1.0,4.77196764946,3.4408600330400003,5.883127825780001
81,-0.46072283245228707,-1.4004559572132742,-1.2468576347413656,-1.2470334360468585,0.6466566456608068,-1.1596023666195276,0.0,1.0,0.21690762043,5.16129004955,5.16584590279
82,0.20096363617932334,-1.0468058705191983,-1.2277581658000367,0.803402942344192,0.3075711091320169,0.6606387459778843,0.0,1.0,0.86763048172,5.376343801619999,5.445902618119999
83,0.47616333784586856,-0.8548329608147629,-1.2069618012833452,-1.2060392689045512,0.7213916949303056,-1.2585266115559943,0.0,1.0,0.21690762043,5.16129004955,5.16584590279
84,-0.6839798424864283,-1.4118188606864222,-1.1798873371563576,-1.1799129999425273,0.7398358612360114,-1.2519052958755987,0.0,0.0,0.6507228612899999,1.07526876032,1.25683855333
85,-0.0002707447568587318,-1.1625708160742985,-1.2638680355287986,-1.263494385853885,0.6486051488595155,-1.5981244152770444,0.0,1.0,3.03670668602,3.22580628097,4.4302836996399995
86,-0.689872494048876,-1.437619034029078,-1.1953379259047485,-1.1954464497595105,0.7347040236383685,-0.7167328444485127,0.0,0.0,0.43381524086,0.860215008259,0.963413474909
87,-0.7055690512443478,-1.5370650709980676,0.8131242554705117,0.8131248899376001,-1.6931810791649404,-1.7665810058192737,0.0,1.0,1.08453810215,4.0860212892300005,4.2275043312900005
88,-0.6048210513554496,-1.3229338163731938,-1.1747158246131968,-1.1747532708775374,0.8247957444905456,-1.056140564625684,0.0,0.0,0.0,0.860215008259,0.860215008259
89,-0.36279379890969365,-1.3314443477076858,-1.2239023655272014,-1.2240973525989294,0.7159221727529423,-0.805508280402825,0.0,1.0,0.6507228612899999,5.59139755368,5.6291355326999994
90,-0.4177026886805849,-1.4396700762282206,-0.9271126126578014,-0.9268505699887997,0.17886035513935775,-1.0294318914255343,0.0,1.0,1.08453810215,5.59139755368,5.695607912969999
91,-0.6908622277876818,-1.436132833805114,-1.1614413326805098,-1.161538947784065,0.7337223576155156,-0.7749410499815308,0.0,0.0,0.21690762043,1.07526876032,1.0969283580700002
92,0.35639458714121314,-0.9121660251684257,-1.2643378788054735,-1.2635422397715046,0.7233974439727963,-1.3147897954551113,0.0,1.0,1.95216858387,1.7204300165200002,2.60208409195
93,-0.269637644153949,-1.2688394427820509,-1.2732994010819976,-1.2732921259697034,0.6560331531251895,-0.9490788427760146,0.0,1.0,0.6507228612899999,6.02150505781,6.05656366296
94,-0.6945066381585959,-1.4201480219144806,-1.1954027068267954,-1.1953906278600683,0.7340493948504566,-1.5334563820697356,0.0,0.0,0.43381524086,0.860215008259,0.963413474909
95,-0.6825752186919054,-1.4410806609084792,-1.1716881059838316,-1.1716847440035623,0.7345366300110326,-1.4520020783104228,0.0,0.0,0.0,0.430107504129,0.430107504129
96,-0.17665222406520775,-1.225446927143008,-1.246947061304442,-1.2469046373809247,0.6568451156699086,-0.8506937991866098,0.0,1.0,4.98887526989,3.4408600330400003,6.06039555025
97,-0.6900096952025746,-1.4357075213122794,-1.1953489836236462,-1.195456033890766,0.7342780691329495,-0.7308809930189569,0.0,0.0,0.43381524086,0.645161256194,0.7774501332539999
98,-0.6853695383040787,-1.4392113134837494,-1.195413370705595,-1.195404660548285,0.7267290583181811,-1.5197840893115255,0.0,0.0,0.21690762043,0.645161256194,0.680648192751
99,-0.2733843506996255,-1.273126395552848,-1.2468334150281484,-1.246836277446716,0.6556979495539367,-0.8447872084678539,0.0,1.0,2.8197990655900003,4.0860212892300005,4.964558061530001
100,-0.613033054111821,-1.3660349897126174,-1.1536368840440456,-1.1536534815617723,0.8098809550072891,-1.2685217473732069,0.0,0.0,0.21690762043,1.07526876032,1.0969283580700002
101,-0.012900331924759867,-1.1186311923929162,-1.2639575459943786,-1.2636943081416605,0.7248729148546591,-1.445987745053397,0.0,1.0,13.0144572258,4.0860212892300005,13.6408088784
102,-0.6047535470247561,-1.3223039546454534,-1.1748344513674585,-1.1748707024461298,0.8242103012837176,-1.094393541018969,0.0,0.0,0.21690762043,0.645161256194,0.680648192751
103,-0.483680372905417,-1.4294740525372867,-1.2371639739545066,0.8072597810309944,-0.820271965205648,-1.912553107958601,0.0,1.0,1.95216858387,5.16129004955,5.51814073357
104,-0.6883875539587053,-1.4079702154587597,-1.2045524172929367,-1.2046001458627145,0.7403388558122289,-1.0480743663818008,0.0,0.0,0.0,0.860215008259,0.860215008259
105,0.23289566800772332,-1.024676253939635,-1.2267272029863219,-1.2259972760361064,0.6484717649653231,-1.5024345508772319,0.0,1.0,1.51835334301,4.30107504129,4.5612107367500005
106,-0.6284298519944207,-1.7018517326459546,0.8774528825899193,-1.135442142341734,-0.3611957606573599,-1.3179341484143772,0.0,1.0,1.08453810215,4.51612879336,4.64452819705
107,-0.6690658498776085,-1.3783364496846258,-1.213832538397702,-1.213869679050735,0.749211116303102,-1.1093303246622614,0.0,0.0,0.0,0.430107504129,0.430107504129
108,-0.20271545012771403,-1.2483532156479722,-1.2531509045736777,-1.2532383386917914,0.7147089066145234,-0.4975483910158698,0.0,1.0,0.6507228612899999,5.376343801619999,5.4155805704799995
109,-0.16503527051353029,-1.1953825631514068,-1.2638532780869234,-1.2638707121484805,0.7225412975347439,-0.46596508531033765,0.0,1.0,0.21690762043,4.9462362974900005,4.950990045069999
110,-0.6848366237129834,-1.413347265689707,-1.2044005792718946,-1.2044330299333508,0.7394048522108474,-1.2203805897887172,0.0,0.0,0.21690762043,0.645161256194,0.680648192751
111,-0.2628361957759181,-1.2800753395823181,-1.2531329125161328,-1.2532539020010127,0.7160906276792778,-0.545872488822359,0.0,1.0,2.6028914451599996,4.9462362974900005,5.58930204819
112,-0.6831427639760238,-1.4404402931644495,-1.171375245460273,-1.1713745329373781,0.73474554074969,-1.4460545164775147,0.0,0.0,0.43381524086,0.430107504129,0.610891257353
113,-0.6854368100539135,-1.4099903201768051,-1.2044015107808075,-1.2044177875496898,0.7398929840797216,-1.282082361185917,0.0,0.0,0.21690762043,0.430107504129,0.48170673745399994
114,-0.6119160400163691,-1.3474514604579833,-1.2059616059246223,-1.2060842826445914,0.8171603547803237,-0.5351225315076158,0.0,0.0,0.86763048172,0.21505375206500002,0.8938852102410001
115,-0.13239323973080502,-1.2284297677886573,-1.2637615336967316,-1.2636455916614808,0.6488321062089322,-0.5438916280542745,0.0,1.0,2.38598382473,5.16129004955,5.68610884415
116,-0.12349879621994192,-1.1777273969343014,-1.2638629619925181,-1.263723663593009,0.7248590449219345,-1.4976771907645663,0.0,1.0,15.834256291400001,24.946235239499998,29.5472219494
117,-0.6093976684687773,-1.3527489282037288,-1.18950753042684,-1.1895989581719557,0.8218920571242863,-0.7436090811526804,0.0,1.0,14.5328105688,32.6881703138,35.7731611896
118,-0.680760957289424,-1.4088206121830738,-1.1714240698455416,-1.1714338926846746,0.742756746639167,-1.3699742921998412,0.0,0.0,0.21690762043,0.860215008259,0.887140787155
119,-0.2850986770949803,-1.3313332048588788,-1.2269162007627152,-1.2269231901495923,0.6396209841296195,-0.8353292892483366,0.0,1.0,0.6507228612899999,5.59139755368,5.6291355326999994
120,0.3134720320150646,-0.9673582830582392,-1.2379486731382197,-1.2370948437689915,0.648463684654858,-1.6114904292760854,0.0,1.0,0.43381524086,5.59139755368,5.60820133969
121,-0.6116698142984394,-1.3460211418794674,-1.190190412523417,-1.1901773330438492,0.814294600056192,-1.464573203832295,0.0,1.0,15.4004410505,20.6451601982,25.7564792656
122,-0.6837583316315292,-1.410869325232452,-1.17089611252761,-1.1709173365321404,0.7414445104344768,-1.2822964722665209,0.0,0.0,0.86763048172,0.860215008259,1.22178251471
123,-0.3002038456983645,-1.2481752047685006,-1.2456102717828499,-1.2457662524143427,0.7338544574873954,-0.808247652638163,0.0,1.0,3.25361430645,5.376343801619999,6.28419276664
124,0.07601804986343924,-1.068486332052383,-1.2533947325425296,-1.2530352558324724,0.7252052763792325,-1.4250796387078397,0.0,1.0,17.3526096344,4.9462362974900005,18.0437888104
125,0.28880281693899035,-0.99884334289135,-1.264123513932773,-1.2633133305334503,0.6496059222929035,-1.5393743965104039,0.0,1.0,2.8197990655900003,4.9462362974900005,5.69355076212
126,-0.6047188357756798,-1.3244416618991812,-1.164491857732656,-1.1645365404355645,0.8247401174519137,-1.0192241659637644,0.0,0.0,0.43381524086,0.430107504129,0.610891257353
127,-0.6083295198922956,-1.323010770306657,-1.1999550864329054,-1.2000446380952452,0.8250163652013293,-0.7270966779219695,0.0,1.0,16.0511639118,7.096773818139999,17.5500444885
128,-0.3077816862861513,-1.318676379056488,-1.2371024241434163,-1.237149479311036,0.6503960573955617,-0.8080478445396622,0.0,1.0,1.95216858387,5.16129004955,5.51814073357
129,-0.45597867179077406,-1.3526343744629628,-1.2073133343773812,-1.2075678882776606,0.72027635631477,-1.0725617413802255,0.0,1.0,13.6651800871,5.16129004955,14.6073975022
130,-0.6876921876243182,-1.43431267362162,-1.1953862674520666,-1.1953734981948814,0.7366540044862633,-1.5533505272221604,0.0,0.0,0.0,0.860215008259,0.860215008259
131,-0.6059819176513409,-1.3214861653421037,-1.1646780563443713,-1.1647189870145067,0.8259320187438401,-1.051097397527732,0.0,1.0,0.0,0.0,0.0
132,-0.6114216096679721,-1.3509267390711446,-1.226339041997539,-1.226453746861049,0.8191967247959593,-0.5820093269564551,0.0,1.0,14.5328105688,2.36559127271,14.7240824875
133,0.3376742525219757,-0.9717438143011535,-1.2369685667983388,-1.2360941451466174,0.6500208235703238,-1.5206392465584901,0.0,1.0,4.3381524086,3.6559137851,5.6732064940699996
134,-0.24589315948699447,-1.2882104275885031,-1.2636583441749432,-1.263638362470107,0.64920365594034,-0.7583980012330859,0.0,1.0,6.29032099247,2.79569877684,6.8836087802199994
135,-0.6918270029166954,-1.4043593899641362,-1.1806486432996746,-1.1807245528406647,0.7417564786783785,-0.8158933686685993,0.0,0.0,0.21690762043,0.645161256194,0.680648192751
136,-0.689183624708992,-1.4366191944204374,-1.1953942754019986,-1.1955258759348508,0.7346159463509652,-0.5641561309276827,0.0,0.0,0.43381524086,1.07526876032,1.15948202665
137,0.5186117480364043,-0.8151329623988222,-1.2081242145315627,-1.207202755659405,0.7199235692726715,-1.1842669142135838,0.0,1.0,14.5328105688,2.58064502478,14.760159612
138,-0.6843743108514181,-1.4465712763274077,-1.1612028069849987,-1.16122009889367,0.7336300060102494,-1.3203550066621175,0.0,0.0,0.21690762043,0.430107504129,0.48170673745399994
139,-0.6092023821026997,-1.320959978487071,-1.1898413942146517,-1.189923570926971,0.8252399188075109,-0.7889637735285386,0.0,0.0,0.21690762043,0.645161256194,0.680648192751
140,-0.36227108448615397,-1.3339773520507658,-1.2240083236543835,-1.2242006820912068,0.7148433753951262,-0.7537727256931642,0.0,1.0,0.6507228612899999,5.376343801619999,5.4155805704799995
141,-0.6096183885351721,-1.3212867395400294,-1.2000929389187822,-1.2001766180413815,0.826565635659071,-0.7358354262998106,0.0,1.0,13.8820877075,6.88172006607,15.4942063426
142,-0.6873740541542255,-1.4747680351534274,-1.195381774787602,-1.1953702719475365,0.7334845039414755,-1.580876440484149,0.0,0.0,0.21690762043,0.430107504129,0.48170673745399994
143,-0.2345829061415377,-1.265138001597063,-1.2423994516677643,-1.242477539285541,0.7182925764149228,-0.6005317925492686,0.0,1.0,1.08453810215,5.376343801619999,5.4846417903299995
144,-0.009424260331618195,-1.1236237344716349,-1.2640336498506366,-1.2637133136438392,0.7254675852519112,-1.4874230787222438,0.0,1.0,14.3159029484,0.21505375206500002,14.3175181279
145,-0.067948394864514,-0.7862771053057299,-1.4807527795930961,-1.481015472679992,0.9843275530106449,-0.5451954678289328,0.0,1.0,0.21690762043,5.16129004955,5.16584590279
146,-0.09009091576358991,-1.2122218857184608,-1.2735887840110487,-1.2734048368524753,0.6524464128102493,-0.6522274778947779,0.0,1.0,1.95216858387,4.9462362974900005,5.3175384992
147,-0.6082912316001041,-1.3266340458684276,-1.210094910991641,-1.210169832747191,0.8280099117613225,-0.773203156975244,0.0,1.0,16.4849791527,13.1182788759,21.067600203399998
148,-0.6151797688544427,-1.7020346491295413,0.8069227177725562,0.8069200327092558,-1.5848749059465512,-1.8818155818151654,0.0,1.0,2.8197990655900003,4.0860212892300005,4.964558061530001
149,-0.6099102516869113,-1.350649786994642,-1.1902923802665846,-1.1902853845055892,0.8210742162423152,-1.432004857114653,0.0,1.0,14.749718189200001,33.33333157,36.450859800799996
150,-0.3919949853980513,-1.3598044333251782,-1.2273645931347044,-1.227504034327763,0.6497697862024482,-1.0620452595956196,0.0,1.0,0.43381524086,5.8064513057500005,5.822634492150001
151,-0.5579342781625284,-1.8193481191953988,0.8011508476625964,0.8011468193606878,-1.7236448546067726,-1.5938894249170645,0.0,1.0,4.77196764946,3.4408600330400003,5.883127825780001
152,0.08588688648735598,-0.680441564011013,-1.5529619450659171,-1.5531397999613221,1.0306537254077632,-0.1279967760268249,0.0,1.0,0.21690762043,5.376343801619999,5.38071757194
153,-0.6104415456854149,-1.3489930803044425,-1.1898805861359145,-1.1900012791136012,0.8201730879335439,-0.4837981000740543,0.0,0.0,0.0,0.645161256194,0.645161256194
154,-0.23437854296915925,-1.264560233893457,-1.2531012892021336,-1.2532332864242959,0.7172030684925423,-0.43974395250823917,0.0,1.0,15.834256291400001,10.7526876032,19.1401139755
155,-0.04386270045796742,-1.1836800511676335,-1.2736426957084401,-1.2734135763717753,0.6498649743906489,-0.5976668034617143,0.0,1.0,3.47052192688,3.8709675371599994,5.19893374825
156,-0.6884626825636498,-1.437749974125158,-1.1954319882692324,-1.195563327577007,0.7335162505650924,-0.5030722008217501,0.0,1.0,0.21690762043,1.9354837685799997,1.9476001474200002
157,-0.4468390561994072,-1.4074632808445897,-1.2175915720202104,-1.2177499328601753,0.6424861903152145,-1.1267504164213284,0.0,1.0,2.1690762043,4.9462362974900005,5.400939278559999
158,-0.6052370836802503,-1.3506448800768471,-1.1904340632317656,-1.1904311355797181,0.8216444024149732,-1.397008321705278,0.0,0.0,0.21690762043,0.430107504129,0.48170673745399994
159,-0.163981196812078,-1.2325128838349189,-1.2093345654231988,-1.209250535870035,0.6571239503376216,-0.6635120596734596,0.0,1.0,0.43381524086,5.376343801619999,5.3938176031800005
160,-0.21170036691250954,-1.2659819566337311,-1.273450779843295,-1.273429656896352,0.6479349737079876,-0.7616146032581083,0.0,1.0,0.86763048172,4.9462362974900005,5.021756282759999
161,-0.6951582534793889,-1.417451246807738,-1.1953791888659626,-1.1953676220653102,0.7338998789528962,-1.5304247675508296,0.0,0.0,0.6507228612899999,0.645161256194,0.9163368860299999
162,-0.5476329466493157,-1.8034049237218857,0.8135287216192815,-1.2275881092187315,0.6489450069845673,-1.1515756656181348,0.0,1.0,1.51835334301,4.9462362974900005,5.17403617931
163,-0.34223538177411233,-1.320032533675129,-1.2132356563790545,-1.2134131069726724,0.7172621042276167,-0.7012458574168039,0.0,1.0,1.3014457225799998,4.9462362974900005,5.11458839785
164,-0.6874187903085983,-1.4114976666464536,-1.2138036762511868,-1.2138422167319856,0.7396038136473172,-1.1787308003611088,0.0,0.0,0.21690762043,0.430107504129,0.48170673745399994
165,-0.6845180526248605,-1.44182617018438,-1.195398401182384,-1.1953899662359084,0.7367100981565892,-1.5217978448439695,0.0,0.0,0.43381524086,0.430107504129,0.610891257353
166,-0.6903424504254454,-1.4354497991095045,-1.1953689618947314,-1.195498299573268,0.734621273362498,-0.501296349361479,0.0,0.0,0.0,1.29032251239,1.29032251239
167,-0.6829330137948194,-1.4100391949020126,-1.1566952099687948,-1.1567128712554426,0.7423474865701057,-1.282276650632059,0.0,0.0,0.43381524086,0.860215008259,0.963413474909
168,0.08016425145873957,-1.0714286443532288,-1.2640901707897887,-1.2636698510954916,0.7267375514623153,-1.4284449335040472,0.0,1.0,0.6507228612899999,5.16129004955,5.20214909608
169,-0.08536933249816492,-1.1818143034198816,-1.2638628904403355,-1.2635453914865262,0.6504961545242488,-1.5922175023875975,0.0,1.0,1.08453810215,5.16129004955,5.2740058656199995
170,0.413057499576162,-0.8815424488746396,-1.2453811940582755,-1.2446043253639931,0.7188521110185497,-1.2230665517546244,0.0,1.0,13.231364846199998,0.645161256194,13.2470845374
171,-0.6906601681238986,-1.4370639410247705,-1.170865176544984,-1.170955956723576,0.7336949512245347,-0.76995354597351,0.0,0.0,0.0,0.645161256194,0.645161256194
172,-0.45449372695699225,-1.347864397039276,-1.2176679654027849,-1.2179309807770093,0.7206604069786954,-1.029176269966221,0.0,1.0,2.6028914451599996,3.8709675371599994,4.664700799519999
173,-0.6097597498651461,-1.3516790511317514,-1.216174152275594,-1.21628083006891,0.8226050733141633,-0.5937124480702617,0.0,0.0,0.43381524086,0.645161256194,0.7774501332539999
174,-0.43603957607222765,-1.3678498057067483,-1.2463463289088683,-1.2464899661161764,0.6605221189988183,-1.3468132641487263,0.0,1.0,3.03670668602,3.4408600330400003,4.58923798292
175,-0.6076543944917709,-1.322999611350546,-1.199956755232548,-1.2000494746889525,0.828771218250425,-0.7332182263881499,0.0,1.0,14.749718189200001,11.827956363599998,18.9064734522
176,-0.4157075256291274,-1.3248402767817564,-1.2244613225894554,-1.2246916673719872,0.7208922194300742,-0.9288059061416862,0.0,1.0,26.0289144516,4.73118254542,26.4554054175
177,-0.6892476078406111,-1.408112316490791,-1.2045280640140923,-1.2045882759830353,0.7416520459507071,-1.0037295971793414,0.0,0.0,0.21690762043,0.645161256194,0.680648192751
178,0.07706145701810174,-1.0741299302252125,-1.2640289144992145,-1.2636698990852018,0.7270184766592179,-1.387844833140985,0.0,1.0,1.08453810215,5.16129004955,5.2740058656199995
179,-0.37904393657701074,-1.305202432943267,-1.2349636319640185,-1.2351558292702256,0.7226516713668982,-0.8803234505705222,0.0,1.0,14.749718189200001,0.0,14.749718189200001
180,-0.2882574702813632,-1.3239213723817855,-1.2270152899768039,-1.2270323032504662,0.6418459797836499,-0.8180165004514992,0.0,1.0,1.95216858387,4.30107504129,4.7233683628
181,-0.29088073742494674,-1.2868780471935708,-1.2472096790163387,-1.2472173000132172,0.6569957371305583,-1.0326382156395044,0.0,1.0,0.0,5.16129004955,5.16129004955
182,-0.6887037432195419,-1.4641623361270073,-1.2047514873016114,-1.2048653590655918,0.7347196801383568,-0.6742684875058824,0.0,0.0,0.43381524086,0.645161256194,0.7774501332539999
183,-0.6099916312675273,-1.3530593991964954,-1.1902625661223833,-1.1902520865127197,0.8187386915862401,-1.4571984581125075,0.0,1.0,0.0,0.0,0.0
184,-0.6818971973971467,-1.4455314541974744,-1.1799479850868868,-1.1799483181144648,0.736485263920497,-1.4712042048119367,0.0,0.0,0.21690762043,0.430107504129,0.48170673745399994
185,-0.3613386276388547,-1.3290054606410353,-1.2238692139299638,-1.2240935641144104,0.7188312361036814,-0.7569896746219039,0.0,1.0,14.3159029484,2.79569877684,14.5863295204
186,-0.6121325506217483,-1.3500137602998448,-1.2161940507974558,-1.2163089054399583,0.8191891568521456,-0.5421350332444805,0.0,1.0,0.0,0.0,0.0
187,-0.44748892666293205,-1.346834546448966,-1.2071468979936673,-1.2074073884710674,0.7219794230450322,-0.9774537296607296,0.0,1.0,14.3159029484,0.860215008259,14.3417239929
188,-0.6123714038977496,-1.3516395433038557,-1.205978207094553,-1.2060776781354545,0.8189223479479014,-0.6445235858866647,0.0,0.0,0.21690762043,0.430107504129,0.48170673745399994
189,1.5338344593554383,-0.0450060245187085,-3.493102208807186,-3.493102208807186,1.5338344593554383,-0.0450060245187085,0.0,1.0,1.95216858387,10.7526876032,10.9284606818
190,-0.3634054492738593,-1.3169848883621622,-1.2635445106362075,-1.2637476582063893,0.7148902997543181,-0.7106356114910964,0.0,1.0,4.121244788169999,4.51612879336,6.11392491631
191,-0.6863415456670044,-1.4110573042256283,-1.2042697152225443,-1.2043019270052782,0.741069676558769,-1.1753123267210888,0.0,0.0,0.21690762043,0.645161256194,0.680648192751
192,0.16993342271639794,-1.0191817505553658,-1.2641826524866848,-1.2636496011839833,0.7242978497608396,-1.4081320901587417,0.0,1.0,1.3014457225799998,5.8064513057500005,5.95051575368
193,-0.6079739681766761,-1.3461511842745324,-1.1902729457062264,-1.1902626894253072,0.8212236917841269,-1.4512949202723788,0.0,0.0,0.21690762043,0.21505375206500002,0.305445628677
194,-0.12933047711072904,-1.1801619205873506,-1.2532028559250779,-1.2530711881375212,0.7247651031874814,-1.4971409915054115,0.0,1.0,14.5328105688,0.430107504129,14.5391738243
195,0.26375523194006345,-0.9755143619140382,-1.2642570476717803,-1.2636098620831386,0.7230144271162142,-1.3298056798314124,0.0,1.0,15.617348670999998,9.67741884291,18.3726431134
196,0.0858045592280321,-1.1089584884540207,-1.264054699436459,-1.2635181702776963,0.6492480919392684,-1.5389075589999637,0.0,1.0,2.6028914451599996,4.51612879336,5.2125294391
197,0.4127641586289911,-0.8833003259180121,-1.2644497301442286,-1.2635828193557512,0.7175426052545487,-1.288217323159202,0.0,1.0,16.7018867731,1.29032251239,16.751655260499998
198,-0.4383510733075285,-1.318036753545005,-1.2277156367380877,-1.2279900398730956,0.7279209944566121,-0.8623530988121558,0.0,1.0,14.3159029484,0.645161256194,14.3304330107
199,-0.6829161562044623,-1.4432822500249736,-1.195261641594046,-1.195259214678568,0.7376348660640737,-1.490319588373211,0.0,0.0,0.21690762043,0.0,0.21690762043
200,-0.6882097674200274,-1.4370956688301104,-1.1953560977251854,-1.195486465863033,0.734891136625199,-0.5071837876236429,0.0,0.0,0.43381524086,1.29032251239,1.3612963855000002
201,0.4735668244892,-0.8151645246823673,-1.2188487658319027,-1.2179328163795446,0.7205675648143512,-1.1506928307877313,0.0,1.0,1.73526096344,5.59139755368,5.85447326534
202,-0.6037480547956686,-1.3239860128858456,-1.174666900147313,-1.1746977345563325,0.8237930958962102,-1.0910906842454016,0.0,0.0,0.21690762043,0.21505375206500002,0.305445628677
203,-0.36386293310651013,-1.3305418864800846,-1.234854687872915,-1.2350615564714367,0.7130491436270338,-0.8134218987526983,0.0,1.0,16.7018867731,7.956988826389999,18.5004511557
204,-0.45395095438745514,-1.3528517560682483,-1.2175857438306392,-1.2178298468682467,0.7219968016915568,-1.1522078493575294,0.0,1.0,4.121244788169999,4.30107504129,5.95683683803
205,-0.6855574320393303,-1.4417547366644519,-1.1953345449164083,-1.1953268241491126,0.7351344863061564,-1.5034853342779906,0.0,0.0,0.43381524086,1.07526876032,1.15948202665
206,0.12867086686057033,-1.0435527357040595,-1.2534722605523174,-1.2529919629273738,0.7257825645893694,-1.3878931429667574,0.0,1.0,0.6507228612899999,3.4408600330400003,3.50185065489
207,-0.34630501972418537,-1.3199475811579902,-1.2529525754919801,-1.253141393555826,0.7146080643570667,-0.645483263499724,0.0,1.0,14.749718189200001,1.50537626445,14.8263395469
208,-0.6867836142554623,-1.4097616045439976,-1.2045321752682816,-1.2045880208384179,0.7411944993962016,-1.0510101609667941,0.0,0.0,0.6507228612899999,0.645161256194,0.9163368860299999
209,0.3528594302821967,-0.935276014812614,-1.2468996186167318,-1.2460908141773945,0.6591985230955804,-1.5030220850843785,0.0,1.0,1.73526096344,5.376343801619999,5.6494427410500005
210,-0.45541312782960847,-1.3526817669084594,-1.2175932368007847,-1.2178355498158173,0.7207582550376298,-1.1470764997071794,0.0,1.0,16.4849791527,2.15053752065,16.6246608775
211,-0.00104452677517608,-1.1574542714796983,-1.2639456194143177,-1.2635171013475712,0.6503986094828695,-1.5967056924042229,0.0,1.0,1.51835334301,4.9462362974900005,5.17403617931
212,-0.6857433760432403,-1.4108943675153958,-1.213857777426253,-1.213908333460439,0.742143316463361,-1.0531846416843593,0.0,0.0,0.21690762043,0.645161256194,0.680648192751
213,-0.4265481257659849,-1.3349677451142006,-1.2349607295031255,-1.235205128661386,0.7218463397438463,-0.8841060503803755,0.0,1.0,0.43381524086,5.16129004955,5.17948941874
214,0.31171014325109314,-0.9403224553653049,-1.2642871462593879,-1.2635637827027184,0.7218675023210163,-1.2874872323529492,0.0,1.0,14.749718189200001,0.0,14.749718189200001
215,-0.6848647975193894,-1.4407721230442263,-1.1954210359447899,-1.1954115066126174,0.7352596453474051,-1.5338569524828227,0.0,0.0,0.0,0.21505375206500002,0.21505375206500002
216,-0.4543243257202626,-1.346290485484993,-1.217808029850327,-1.2180739712358521,0.7227848730987535,-1.0269495542153364,0.0,1.0,4.121244788169999,3.6559137851,5.50911646347
217,-0.6858745470181727,-1.4395632352347438,-1.1954035477541285,-1.1953950072046802,0.7349556677690615,-1.5341482625089307,0.0,0.0,0.21690762043,0.430107504129,0.48170673745399994
218,-0.6880690481422896,-1.4097956321014176,-1.2045714617609455,-1.204619388159498,0.7428347631039902,-1.0568961721167505,0.0,0.0,0.6507228612899999,1.29032251239,1.44512021236
219,-0.5917085507644655,-1.3170069495930254,-1.1902735745081439,-1.190260946844396,0.8308657411064129,-1.4359769728167124,0.0,0.0,0.0,0.645161256194,0.645161256194
220,-0.6084932364697961,-1.3473993127626473,-1.1902793647227417,-1.190269610067121,0.8204763443335888,-1.4411662420665445,0.0,1.0,14.749718189200001,29.2473102808,32.7560581469
221,-0.45354022091884294,-1.3495635254971405,-1.2071299488242306,-1.2073738572491006,0.7218898745492317,-1.149679557115048,0.0,1.0,0.43381524086,4.9462362974900005,4.965223980219999
222,-0.6890669066947821,-1.4077654856824289,-1.204499248003268,-1.2045469777124114,0.7398755170282394,-1.0594890517941031,0.0,0.0,0.43381524086,1.07526876032,1.15948202665
223,-0.6079142511010106,-1.34773368589779,-1.2003869089130796,-1.2003811340657156,0.8208043655650117,-1.411589579984899,0.0,0.0,0.0,0.645161256194,0.645161256194
224,-0.6855390434834897,-1.4409969032841345,-1.1954250100900137,-1.1954152612988764,0.7357438710481826,-1.5477059086749247,0.0,0.0,0.0,0.430107504129,0.430107504129
225,0.055703513944596494,-1.0807900452068167,-1.273733154948889,-1.2733806961463632,0.6581477173233036,-0.5875551551104558,0.0,1.0,2.8197990655900003,5.16129004955,5.8813418320899995
226,-0.6054215113828695,-1.3500029894402996,-1.1647603594036944,-1.1647913083340533,0.8188628905449824,-1.1548294672610653,0.0,1.0,0.0,0.0,0.0
227,-0.6048914221764501,-1.3542979967820545,-1.1902974366635664,-1.190309934876248,0.8174309327644291,-1.259796557998647,0.0,0.0,0.0,0.860215008259,0.860215008259
228,-0.6887804985094569,-1.4330729786569911,-1.1953855946698488,-1.1953726329716827,0.737098359712273,-1.5510054007042668,0.0,0.0,0.21690762043,0.645161256194,0.680648192751
229,0.2949531559612695,-0.9966952024597948,-1.2210072231382245,-1.220193493900357,0.6494112578951282,-1.5197521754278487,0.0,1.0,1.08453810215,4.51612879336,4.64452819705
230,-0.6906309807321871,-1.4404839063975012,-1.2045640752896634,-1.2045614878522708,0.7343626850398864,-1.486035843948075,0.0,0.0,0.21690762043,0.430107504129,0.48170673745399994
231,-0.19841452511884888,-1.215805906573134,-1.263807765857698,-1.263714064762799,0.7243800672317738,-1.4900882670073234,0.0,1.0,14.9666258097,0.0,14.9666258097
232,-0.23808610001768077,-1.2551604429281888,-1.2470663719675361,-1.2470258983193834,0.652143110217635,-0.8932673112089338,0.0,1.0,0.43381524086,4.9462362974900005,4.965223980219999
233,-0.2431547067848663,-1.2511213521442428,-1.2531230550527341,-1.2532066992713262,0.7151693079046774,-0.5930124948292729,0.0,1.0,0.6507228612899999,4.73118254542,4.775722827
234,-0.6065771257778636,-1.3854201267229405,-1.1903164215591202,-1.19031010829172,0.8206810191126452,-1.4514346089524461,0.0,0.0,0.0,0.430107504129,0.430107504129
235,0.3085345205252088,-0.929778155772834,-1.2748198209208452,-1.274106886403307,0.7232398805991547,-1.2434623744567719,0.0,1.0,15.4004410505,3.22580628097,15.734656358299999
236,-0.5291925113518283,-1.434005303482445,-1.2175868189754415,0.820484329907843,-0.5456177602266353,-1.8892383579972813,0.0,1.0,2.38598382473,4.9462362974900005,5.491645684349999
237,-0.4491388853408236,-1.3482912181977411,-1.2349391743344913,-1.235195921061786,0.7225283034739688,-1.025223157959093,0.0,1.0,1.51835334301,5.376343801619999,5.5866331137300005
238,-0.22603245341944012,-1.3064156453590339,-1.227585768472095,-1.2276009789038005,0.642552680386518,-0.6185694485391098,0.0,1.0,0.21690762043,5.376343801619999,5.38071757194
239,0.09190245516368034,-1.1071183893190608,-1.2541658246647105,-1.2536797805840272,0.6493813546766767,-1.5699094861106508,0.0,1.0,0.21690762043,4.30107504129,4.30654100487
240,-0.004255671006414663,-1.118345393891558,-1.2745441635299684,-1.2742306775533752,0.7275550703011129,-1.462088815202059,0.0,1.0,1.08453810215,4.73118254542,4.85389649386
241,-0.6729982697628394,-1.40893210669828,-1.1899750014534476,-1.1899880883053264,0.7464846348178614,-1.340794509828886,0.0,0.0,0.0,0.645161256194,0.645161256194
242,-0.6076451434334882,-1.3259295483241722,-1.200180066401319,-1.2002471481764785,0.8291229931222118,-0.8776659986621331,0.0,1.0,16.7018867731,16.3440851569,23.368400488699997
243,-0.6094382919467172,-1.354456607484683,-1.1894608140157679,-1.1895528577073589,0.822585098520878,-0.7659357267839267,0.0,1.0,16.2680715322,11.3978488594,19.863562369300002
244,-0.011307857708880376,-1.1220777856995312,-1.2640066632233777,-1.2636930088344955,0.726522608122431,-1.4660956499010787,0.0,1.0,0.86763048172,5.376343801619999,5.445902618119999
245,-0.6086074492214911,-1.3524046081504657,-1.1898661619303372,-1.1899564968212621,0.8206788374208915,-0.7490510681729762,0.0,1.0,15.834256291400001,20.430106446099998,25.8478804102
246,-0.6896463564035057,-1.4066910906607284,-1.204486454799489,-1.2045623714813416,0.7408145195984357,-0.9116646623635232,0.0,0.0,0.21690762043,1.29032251239,1.30842695699
247,-0.6076580028256976,-1.34774666545324,-1.1903236306083265,-1.1903186005979085,0.8209144619358045,-1.3941721812065984,0.0,1.0,14.749718189200001,30.1075252891,33.5263667237
248,-0.16512193041148,-1.1978151869476483,-1.2743771554287373,-1.274282277021932,0.7258988218316119,-1.497347784599088,0.0,1.0,11.0622886419,4.9462362974900005,12.1177342564
249,-0.604639802759434,-1.3234378905722708,-1.1647085693165111,-1.1647341240725138,0.8257005539316262,-1.131514551508539,0.0,1.0,17.135702014,42.5806429088,45.899274874899994
250,-0.6906033386457391,-1.4392048179084331,-1.1805746083725168,-1.1806674883322632,0.7325054910746884,-0.8341099276980918,0.0,0.0,0.21690762043,0.430107504129,0.48170673745399994
251,-0.6878289900651112,-1.4362133652642297,-1.1954104710691151,-1.195398909192982,0.7348270248094002,-1.5553194253205345,0.0,0.0,0.86763048172,1.07526876032,1.38166043576
252,-0.689252834331488,-1.408645706493352,-1.2045693198562004,-1.2046353695074015,0.7416651561785134,-0.9591891588376485,0.0,0.0,0.21690762043,0.430107504129,0.48170673745399994
253,-0.6867619472885084,-1.4103580628080674,-1.1855895023488494,-1.1856227078770605,0.7396932204970607,-1.1798651716258033,0.0,0.0,0.0,0.860215008259,0.860215008259
254,-0.20773433566747945,-1.270862693320111,-1.2636456535485299,-1.2636257150542798,0.6505925110523071,-0.7696691524041737,0.0,1.0,1.08453810215,4.51612879336,4.64452819705
255,-0.4354832387681145,-1.3176019974670485,-1.2280678237567255,-1.2283053888340298,0.7329617144740018,-1.1899446185942746,0.0,1.0,0.21690762043,5.8064513057500005,5.810501327919999
256,-0.6904414826114842,-1.4382278366475798,-1.1953031772537144,-1.1954181099529224,0.733882157883352,-0.6347744222633029,0.0,0.0,0.21690762043,1.29032251239,1.30842695699
257,-0.6036928173167168,-1.322447550009093,-1.1747300711378155,-1.1747663951926435,0.825969591967874,-1.0892629290912903,0.0,1.0,14.9666258097,46.451610446000004,48.8031966284
258,-0.0640743713335099,-1.147899283889198,-1.2639199240563495,-1.26370938374716,0.7255689251665535,-1.4995324684894165,0.0,1.0,15.617348670999998,0.430107504129,15.6232702075
259,-1.2435797185080177,-2.355638092238805,0.5337599543183065,0.5337591854925806,-2.5030360119607833,-2.657708586897687,0.0,1.0,0.21690762043,4.30107504129,4.30654100487
260,-0.44734681848269553,-1.3422655957899454,-1.2348612354526922,-1.2351105057217417,0.7208089770179703,-1.0671835597990256,0.0,1.0,8.02558195591,0.21505375206500002,8.02846273251
261,-0.049133664609240846,-1.1369934301608309,-1.2639716557522924,-1.2637070459038127,0.7271129550704883,-1.4455361788892067,0.0,1.0,14.749718189200001,0.860215008259,14.774781099
262,0.3608276687563004,-0.9168030831169098,-1.2643391455130089,-1.263547064095452,0.7225166858550364,-1.3445953458738984,0.0,1.0,1.3014457225799998,4.9462362974900005,5.11458839785
263,-0.6051708144133809,-1.3859993242914255,-1.1801401534577245,-1.1801492236820965,0.8184608119432767,-1.3475220189667747,0.0,1.0,14.5328105688,33.118277818,36.1665993516
264,-0.6870973667285348,-1.4353609670796912,-1.1953401030223605,-1.195329503967927,0.7370784245278196,-1.539519178420266,0.0,0.0,0.21690762043,0.860215008259,0.887140787155
265,-0.6886984590482423,-1.406418730790395,-1.1799405914617316,-1.1800237891170207,0.7392021745768724,-0.8608404986362709,0.0,0.0,0.6507228612899999,0.860215008259,1.07861490006
266,-0.27930957483757046,-1.2832791070500813,-1.25310018007022,0.7978522038466045,-0.6335684758823014,-1.818073645974283,0.0,1.0,6.5072286129,1.9354837685799997,6.788970587580001
267,-0.6936148070184631,-1.4248132843797652,-1.1951084037743869,-1.1951854016443086,0.7335272375434022,-0.9283736897941653,0.0,0.0,0.6507228612899999,0.430107504129,0.780020965945
268,-0.12770163802282702,-1.2062890648935118,-1.2637913811777,-1.2636640384391211,0.649676382498488,-0.5947807072246152,0.0,1.0,0.6507228612899999,4.73118254542,4.775722827
269,-0.4181706434302339,-1.377822098868025,-1.2371381950641314,-1.237284604581399,0.6491440630055669,-1.1617423539142064,0.0,1.0,1.51835334301,5.376343801619999,5.5866331137300005
270,-0.6873059466175772,-1.4102864949757146,-1.2044453368975814,-1.2044992717023586,0.7410480882514386,-1.0601165247179107,0.0,0.0,0.0,0.645161256194,0.645161256194
271,0.0770081695530957,-1.0730841091309191,-1.264111883908596,-1.263697260137954,0.7269542172431414,-1.4279762463013348,0.0,1.0,14.5328105688,0.21505375206500002,14.5344016439
272,0.1833420692940606,-1.0532493762266841,-1.264048302667363,-1.2633795989330006,0.6470697006425769,-1.5544857347435563,0.0,1.0,3.25361430645,4.51612879336,5.56609605858
273,-0.39689212451412026,-1.3205936562610803,-1.2350392352288528,-1.235254548796566,0.7221419046411119,-1.0038772048212867,0.0,1.0,16.2680715322,6.02150505781,17.3467194172
274,-0.34212464495805456,-1.3190451179232079,-1.2529912533696441,-1.2531790355566876,0.7132537917615651,-0.6521767509858649,0.0,1.0,16.7018867731,13.333332627999999,21.371260626199998
275,-0.6169931740117817,-1.331344263973326,-1.1902394911662588,-1.1902312279331955,0.8198745605333719,-1.4109338735540622,0.0,0.0,0.43381524086,0.21505375206500002,0.48419394820600004
276,-0.42385264914582094,-1.3945622892954779,-1.237211904236765,-1.2373465175397649,0.6385932373194182,-1.1265741175938486,0.0,1.0,1.08453810215,4.0860212892300005,4.2275043312900005
277,0.05529942095811874,-1.0873765526678973,-1.264085794547666,-1.2637387337998793,0.7242560128408327,-1.448352533233706,0.0,1.0,10.4115657806,0.0,10.4115657806
278,-0.6090014808056848,-1.3534265935977408,-1.2263290488802303,-1.2264372034765771,0.8200895896842325,-0.6410543930895879,0.0,0.0,0.21690762043,0.645161256194,0.680648192751
279,-0.07562515081250865,-1.1717332281853234,-1.2370406210986165,-1.2368252649707154,0.6586317800644547,-0.7905698684914213,0.0,1.0,2.1690762043,4.0860212892300005,4.62606328924
280,-0.6870451916484274,-1.4088306198853207,-1.2044821419874028,-1.204520654375128,0.7413106318579649,-1.1350555944012026,0.0,0.0,0.21690762043,0.645161256194,0.680648192751
281,-0.282295014388017,-1.3386546067809675,-1.2269841213530812,-1.226996383438787,0.6419358061587684,-0.8971476187936391,0.0,1.0,1.08453810215,5.16129004955,5.2740058656199995
282,-0.6123725798667627,-1.3494493278352007,-1.2162184308291442,-1.2163337455802696,0.8173854318758687,-0.523627242783833,0.0,0.0,0.21690762043,0.430107504129,0.48170673745399994
283,-0.28243081504496537,-1.3414140207255028,-1.227352469175919,-1.2273550904633106,0.6421663963060975,-0.9499495906909804,0.0,1.0,0.43381524086,5.376343801619999,5.3938176031800005
284,-0.6046678678354314,-1.3179604296313552,-1.174599888085975,-1.174620906645032,0.8236529201644093,-1.1900564066588388,0.0,1.0,0.0,0.0,0.0
285,-0.5485386661355096,-1.5680750920036728,-1.5329675798360858,-1.53296967141934,0.37375231624454014,-1.1193186857857147,0.0,1.0,4.121244788169999,4.73118254542,6.2744519188600005
286,-0.39496268628144715,-1.3092637616917675,-1.2454166850209254,-1.2456292014178643,0.7218160656538557,-0.8796670051763094,0.0,1.0,0.6507228612899999,4.73118254542,4.775722827
287,-0.6867470486537712,-1.4423687015237086,-1.2048159610681033,-1.2048038730555688,0.7391374172510395,-1.5649982703867877,0.0,0.0,0.21690762043,1.07526876032,1.0969283580700002
288,-0.6053174594840737,-1.3490919459281845,-1.1648428727753832,-1.1648734598383768,0.8185766848473778,-1.1547519039335932,0.0,1.0,0.0,0.0,0.0
289,-0.6678517494894677,-1.3776107300688627,-1.2230342614767025,-1.2230822546908902,0.7515090488584453,-1.0638388468533555,0.0,0.0,1.08453810215,0.860215008259,1.3842661432899999
290,0.4652812577761976,-0.8545801264435768,-1.2079664561924823,-1.2070547756822212,0.7216959430269149,-1.1856355373968277,0.0,1.0,3.25361430645,3.8709675371599994,5.05671788109
291,-0.6052462888357736,-1.352401074679539,-1.1903130731084455,-1.1903192919952434,0.8184289733952677,-1.3158131415363803,0.0,1.0,0.0,0.0,0.0
292,0.40625143032975064,-0.9057284972796603,-1.2380892998093223,-1.2370822221431874,0.643300699599417,-1.5443616960269309,0.0,1.0,1.3014457225799998,4.51612879336,4.69991279143
293,-0.8913883632003294,-1.6047867527966795,-1.4684134657258994,-1.4685003859215409,0.4401212431335817,-1.0171710795885343,0.0,1.0,0.0,0.0,0.0
294,-0.39799996210715893,-1.3006201453044313,-1.2453078073360964,-1.2455362496738311,0.7209020988461018,-0.7880076134020579,0.0,1.0,14.5328105688,0.430107504129,14.5391738243
295,-0.6871346693953134,-1.4346458073220059,-1.1953693146668696,-1.1953570468603056,0.7378231206000785,-1.5481562076452846,0.0,0.0,0.21690762043,0.645161256194,0.680648192751
296,-0.05394523489984565,-1.1381730349739754,-1.2744706570097124,-1.2742513281167485,0.725669119362255,-1.4922628469698702,0.0,1.0,0.21690762043,4.9462362974900005,4.950990045069999
297,-0.6710936755679314,-1.3757204838865345,-1.1894726715825703,-1.18953484110674,0.7504880154629875,-0.982379177865124,0.0,0.0,0.43381524086,0.21505375206500002,0.48419394820600004
298,-0.16786473489896153,-1.2282546952350109,-1.2637080668050824,-1.2636274734543385,0.6501645100908652,-0.6043030110900052,0.0,1.0,4.121244788169999,2.58064502478,4.862549469969999
299,-0.6809009460091507,-1.4082534947085634,-1.1807476671628725,-1.1807503134409092,0.7423897610590798,-1.417160402181584,0.0,0.0,0.21690762043,0.430107504129,0.48170673745399994
300,-0.26959278808615517,-1.2296705476058831,-1.234630103472953,-1.234744946955818,0.7333538886058089,-0.7622493085249625,0.0,1.0,1.08453810215,5.376343801619999,5.4846417903299995
301,-0.0003656938304618107,-1.1620781538658405,-1.2639282889016057,-1.263501134887183,0.6499397468521698,-1.5985158236208543,0.0,1.0,2.6028914451599996,3.6559137851,4.48784463628
302,-0.6866653057444595,-1.440596287502362,-1.1860174850288794,-1.1860061248660994,0.7338528829595884,-1.5465187201305846,0.0,0.0,0.6507228612899999,0.860215008259,1.07861490006
303,-0.025125462721772296,-1.1536564229370878,-1.2833084012167093,-1.2830675589741614,0.6593995588842609,-0.6298956478598721,0.0,1.0,1.08453810215,4.30107504129,4.43570393578
304,-0.13333607038011225,-1.1660005857216316,-1.253230389387476,-1.2530621627238567,0.7253026311197035,-1.496917285537961,0.0,1.0,0.6507228612899999,5.16129004955,5.20214909608
305,-0.6962530603563957,-1.4251155329615908,-1.1951516682726573,-1.1952076465577564,0.7337645115095869,-1.0226472616133297,0.0,0.0,0.21690762043,0.21505375206500002,0.305445628677
306,-0.3085776327084423,-1.319134704747101,-1.2371918462038962,-1.237237122016147,0.6497614290952263,-0.7875033725735274,0.0,1.0,4.3381524086,3.6559137851,5.6732064940699996
307,-0.690606464502738,-1.4364797402362295,-1.1951914735228777,-1.195291749017781,0.7340215692132235,-0.7761069323111129,0.0,0.0,0.43381524086,0.430107504129,0.610891257353
308,-0.6849947094044561,-1.4129663229387157,-1.1891574411855146,-1.1891793135869306,0.7415598217470244,-1.2560056174335337,0.0,1.0,0.43381524086,1.50537626445,1.56663759714
309,-0.6150627535422432,-1.5888065440927213,-1.1273285088383957,-1.1274125205518855,0.7749919097465453,-0.9468142961672666,0.0,0.0,0.21690762043,0.430107504129,0.48170673745399994
310,0.13491921003433915,-1.0838625884938478,-1.263982534174887,-1.2633779947055068,0.6477857485127628,-1.590821269485676,0.0,1.0,1.73526096344,5.16129004955,5.445185542000001
311,-0.3421026299844922,-1.3211092892463754,-1.2240019652859828,-1.224182706506781,0.714713566212625,-0.7604511360055151,0.0,1.0,2.1690762043,6.23655880988,6.6029960903400005
312,-0.6055027500138053,-1.3523028036465914,-1.190353501362031,-1.190366984796617,0.8187161304525854,-1.2567683257874713,0.0,0.0,0.0,0.860215008259,0.860215008259
313,-0.1638483246838821,-1.1973467446521189,-1.2638331771760125,-1.2637019988675353,0.727035117348017,-1.4895822655180722,0.0,1.0,0.21690762043,5.376343801619999,5.38071757194
314,-0.6056234504395153,-1.3478052710851307,-1.2003540983868028,-1.2003497856705025,0.8230348597694964,-1.3947733432223093,0.0,0.0,0.21690762043,0.430107504129,0.48170673745399994
315,-0.13214332725855782,-1.2270696025570416,-1.263822951986651,-1.263690996252023,0.647376327243225,-0.6536687024629704,0.0,1.0,6.07341337204,2.15053752065,6.44291561449
316,-0.683629986315952,-1.4086649346459421,-1.1809038917309425,-1.180909472453346,0.7406476419921342,-1.3924601209593308,0.0,0.0,0.0,1.07526876032,1.07526876032
317,0.41477738722751184,-0.8850181531927948,-1.2352077495129972,-1.2343519975219472,0.7226855125168026,-1.2621542341077696,0.0,1.0,0.43381524086,5.59139755368,5.60820133969
318,-0.6048878353646779,-1.3523663678533866,-1.163800568023637,-1.163817622192446,0.8190023319202817,-1.258650870530772,0.0,1.0,0.0,0.0,0.0
319,-0.6055377817319333,-1.3220343558210164,-1.174133664414064,-1.1741813281708513,0.8251412670664354,-1.0137684103921774,0.0,0.0,0.21690762043,0.645161256194,0.680648192751
320,0.1194456062485868,-1.0491015159904367,-1.264149142261195,-1.2636749224654362,0.7222619876077587,-1.4293433700821814,0.0,1.0,0.6507228612899999,4.30107504129,4.350021465809999
321,-0.6047711789751538,-1.3241720448029493,-1.164625897249579,-1.1646646299856642,0.8245211072716025,-1.0961543459487109,0.0,0.0,0.0,0.860215008259,0.860215008259
322,-0.6050853809408863,-1.3516595819302666,-1.1645722209111657,-1.1645935123448572,0.8194382499277406,-1.1924550621239294,0.0,0.0,0.0,0.430107504129,0.430107504129
323,-0.6814188071193252,-1.4101002697006204,-1.20462333978119,-1.2046225860698332,0.7423162700445036,-1.4373201957373054,0.0,0.0,0.21690762043,0.430107504129,0.48170673745399994
324,-0.5072754319425096,-1.4305292043880173,-1.2369851172749977,-1.2372408468917782,0.6465641903217828,-0.9657800966305755,0.0,1.0,1.08453810215,5.59139755368,5.695607912969999
325,-0.09034255887152787,-1.2086853756024645,-1.2638362720843375,-1.2636619042868937,0.6494742786646117,-0.6042558127218439,0.0,1.0,3.25361430645,4.9462362974900005,5.92041042207
326,-0.6804156329992108,-1.4450223320233118,-1.1705050672965023,-1.1705043276039184,0.7355633148177448,-1.4739582118100338,0.0,0.0,0.0,1.07526876032,1.07526876032
327,-0.6878042351123796,-1.4353837260497597,-1.1953913450484202,-1.1953782503064954,0.7351991098992723,-1.5589171363410903,0.0,0.0,0.21690762043,1.29032251239,1.30842695699
328,-0.30724090847776747,-1.3163727529569742,-1.227235594847856,-1.2273005828498702,0.6476312384388505,-0.9150211428268117,0.0,1.0,1.08453810215,4.51612879336,4.64452819705
329,0.2311548313968258,-1.0176328189545119,-1.2373027663844551,-1.2365714963635046,0.6495279711698774,-1.5142029583794572,0.0,1.0,1.73526096344,4.51612879336,4.83803161311
330,-0.45860763096750473,-1.3468481272924167,-1.2073787496097927,-1.207633914906863,0.7184090449482856,-1.06665874129271,0.0,1.0,15.617348670999998,2.36559127271,15.7954930781
331,-0.6896018279841386,-1.4347468218848949,-1.195275147389366,-1.1954125591458187,0.7353224889576992,-0.5161393390497766,0.0,0.0,0.86763048172,0.645161256194,1.08121029375
332,-0.23149900235361856,-1.2662929747441463,-1.253144933827338,-1.2532332016955903,0.7179905644977845,-0.5482526679338141,0.0,1.0,14.5328105688,0.21505375206500002,14.5344016439
333,-0.682142422219654,-1.409754939692523,-1.1806595349004134,-1.1806661563446639,0.7407828812281073,-1.3946825327294965,0.0,0.0,0.86763048172,1.07526876032,1.38166043576
334,-0.3972557012935506,-1.2978766649417643,-1.2243516695846532,-1.2245713058518464,0.7182385268133288,-0.876784924096092,0.0,1.0,15.834256291400001,1.9354837685799997,15.952108629300001
335,-0.689936313578164,-1.4372696478857208,-1.1859259104293176,-1.186040669355734,0.7357224410089217,-0.6656057516456781,0.0,0.0,0.43381524086,0.430107504129,0.610891257353
336,-0.6019684931576136,-1.3217185351504872,-1.173938634247665,-1.1739560853974398,0.8258924546686954,-1.1981614466492616,0.0,0.0,0.21690762043,0.860215008259,0.887140787155
337,-0.007148588258257704,-1.1599179913564837,-1.263945003285795,-1.2635179004234236,0.6497213014173825,-1.5948555467858616,0.0,1.0,1.3014457225799998,5.59139755368,5.7408612221599995
338,-0.41133689282985825,-1.3263240780194283,-1.2349712300372602,-1.2352037409885313,0.7201432355203156,-0.8854394987434682,0.0,1.0,3.90433716774,4.73118254542,6.13416147469
339,-0.04048276812522128,-1.1817798965607167,-1.2638803072520237,-1.2635014728965546,0.6487294199643924,-1.5960869970770872,0.0,1.0,4.3381524086,4.51612879336,6.2621869661
340,-0.6380481096076064,-1.6890026996026344,0.807336540038553,0.8073360994732495,-1.5948684695394577,-1.8891641465277311,0.0,1.0,1.95216858387,4.30107504129,4.7233683628
341,-0.3381588269786895,-1.3387615523567298,-1.237189187022862,-1.2372614486297369,0.6478519529145367,-0.9150807502330065,0.0,1.0,1.73526096344,4.51612879336,4.83803161311
342,-0.1312885398865956,-1.2290313538365727,-1.253975376557515,-1.253844070200098,0.6500527829629794,-0.6546770643023854,0.0,1.0,2.6028914451599996,3.8709675371599994,4.664700799519999
343,-0.6827402542494152,-1.411260376351266,-1.1563786768246858,-1.1564011283152458,0.7424833942960797,-1.2510882884583852,0.0,0.0,0.0,0.645161256194,0.645161256194
344,-0.6114020343033638,-1.3390342343140995,-1.164670207487243,-1.1647063043591555,0.8185476734357809,-1.0675480623844429,0.0,1.0,15.1835334301,29.4623640329,33.1446916086
345,-0.5649583844197401,-1.6778194117155518,0.8064351967393603,0.8064315103495103,-1.6828789177332237,-1.5090195850132022,0.0,1.0,1.73526096344,4.51612879336,4.83803161311
346,-0.6895581608148071,-1.4359781039515453,-1.1953298537420733,-1.195459902553731,0.7352320789052362,-0.5575149271673299,0.0,0.0,0.21690762043,1.07526876032,1.0969283580700002
347,-0.6060375960390265,-1.3211090514072807,-1.174778976044019,-1.1748262739196027,0.8267348840126753,-1.0096599669074433,0.0,1.0,15.617348670999998,30.9677402973,34.6828850967
348,-0.6116712179277469,-1.3499955239308359,-1.1893705633673106,-1.1894909730985883,0.8209453934246863,-0.48548952251734545,0.0,1.0,0.0,0.0,0.0
349,-0.6893317007010291,-1.4356846987219898,-1.1953939869121812,-1.1955232883719686,0.7348495409133945,-0.5041240843981103,0.0,0.0,0.0,0.430107504129,0.430107504129
350,0.35837101192613724,-0.9103444420554361,-1.2346304271447879,-1.2338508212097155,0.7220858945950932,-1.2881810822663247,0.0,1.0,14.5328105688,0.645161256194,14.5471239795
351,-0.20505646495609314,-1.2445156619610698,-1.2471780663102394,-1.2471338445823956,0.6573570081569928,-0.9595057313017821,0.0,1.0,2.1690762043,5.16129004955,5.59855397006
352,-0.43568737355386844,-1.3930869835506836,-1.2368578918103983,-1.2370032357236174,0.6497763154511519,-1.1637854445900973,0.0,1.0,3.6874295473100003,4.0860212892300005,5.503881052710001
353,-0.6029813869441324,-1.32225338995769,-1.1840547082654869,-1.1840715992587625,0.8269200340060632,-1.1994960117040563,0.0,1.0,15.4004410505,16.3440851569,22.4566850663
354,-0.13286416680522833,-1.1767471364243456,-1.2532342555907496,-1.2530608935163368,0.7248116547160042,-1.494078697279656,0.0,1.0,0.21690762043,5.59139755368,5.59560323103
355,-0.9333686547638749,-1.678187304897677,-0.8623188223467465,-0.8623158691929171,0.32962781455319223,-1.7303566741171916,0.0,0.0,0.21690762043,0.645161256194,0.680648192751
356,-0.606967658459317,-1.3246544319671443,-1.2000951336254713,-1.2001700037449117,0.8266486869398942,-0.7784931568175266,0.0,1.0,14.9666258097,20.215052694100002,25.152499747600004
357,-0.5880434565842844,-0.8033794683858331,-0.9192138516839603,-0.9193216595810346,0.5740481760831126,-0.8507404938923914,0.0,1.0,2.8197990655900003,3.4408600330400003,4.44868346112
358,0.30978078139838944,-0.9378440264697696,-1.2242558212826409,-1.223547182756364,0.7231317615950119,-1.2825882163653302,0.0,1.0,13.231364846199998,1.07526876032,13.274984693099999
359,-0.6063295429691873,-1.3539335907855676,-1.190318140893399,-1.1903172456102546,0.8202009998464365,-1.3594622479598515,0.0,1.0,16.2680715322,35.0537615865,38.644745473899995
360,0.29484465653340286,-1.2444189371866827,-1.1174006799347966,-1.1166155615564908,0.6408490738384861,-1.8115562272870394,0.0,1.0,1.51835334301,5.376343801619999,5.5866331137300005
361,0.1468681948025779,-1.3000686059138107,-1.0872815696084586,-1.086877349972258,0.7251552251400004,-1.7089060656672728,0.0,1.0,1.3014457225799998,6.02150505781,6.160542519140001
362,-0.6889173094053098,-1.410622509956822,-1.2045601292234691,-1.2046200343352287,0.7411955170792013,-1.0130342317184797,0.0,0.0,0.0,0.860215008259,0.860215008259
363,-0.010848744152084477,-1.0985584348245991,-1.2640296805444107,-1.2637161946282873,0.7268910666669696,-1.476998106356887,0.0,1.0,2.38598382473,5.16129004955,5.68610884415
364,0.2621165110699407,-0.9691281832887969,-1.2536069199077828,-1.2529508672087915,0.7217338843712316,-1.3462041061482752,0.0,1.0,3.25361430645,4.9462362974900005,5.92041042207
365,-0.16879815554273825,-1.1977299088797015,-1.2638390842408675,-1.2637449106170424,0.7250552073562938,-1.4851817328998667,0.0,1.0,0.0,4.30107504129,4.30107504129
366,-0.6833199676786799,-1.4380149923330876,-1.1714992445378047,-1.1714967424702245,0.7367128145516488,-1.4692750993359067,0.0,0.0,0.0,0.860215008259,0.860215008259
367,-0.6884840180240914,-1.4045901066829376,-1.1800872792586174,-1.180162458910731,0.7406549086752778,-0.859140353688965,0.0,0.0,0.0,0.430107504129,0.430107504129
368,0.4909006209620279,-0.8515613969662991,-1.238232907066459,-1.2371221525051401,0.6507509769922284,-1.5482571035468136,0.0,1.0,3.03670668602,4.51612879336,5.44215093278
369,-0.6052269336435583,-1.3533006125407516,-1.1902117172223081,-1.190231616465778,0.818694506483068,-1.2277037048429573,0.0,1.0,16.9187943935,35.6989228427,39.5051730266
370,-0.31891582841144495,-1.309369147492329,-1.2529972409460364,-1.2531587473909116,0.7145402632090956,-0.6508556872811321,0.0,1.0,0.86763048172,4.73118254542,4.81008013768
371,-0.23021781600858227,-1.2313415031625845,-1.2637635347821952,-1.2638499777710268,0.725404775409083,-0.5239467827266825,0.0,1.0,1.08453810215,5.376343801619999,5.4846417903299995
372,-0.18414277528798795,-1.2356720313011835,-1.253938260742564,-1.2538744173762066,0.6509649076942531,-0.7521828711803885,0.0,1.0,3.03670668602,4.73118254542,5.6218925438900005
373,0.47216567598822223,-0.8507760881149447,-1.2075693904222988,-1.2067198342150118,0.7214735479603874,-1.2240884342753484,0.0,1.0,0.43381524086,5.376343801619999,5.3938176031800005
374,-0.688557630369955,-1.4095394801897887,-1.1951381849850933,-1.1952039918220598,0.7427762153613223,-0.9752382460736362,0.0,0.0,0.0,0.21505375206500002,0.21505375206500002
375,-0.6027507006497498,-1.3519992839413622,-1.154583861573173,-1.1546101767447963,0.8182077979916981,-1.193486377766238,0.0,1.0,14.749718189200001,39.1397828758,41.8267473063
376,-0.6078913410957837,-1.345762142407654,-1.190209562957198,-1.1902036662678999,0.8217038037308673,-1.4086852505607985,0.0,1.0,17.5695172548,16.9892464131,24.440180651
377,-0.6826191760794257,-1.4103503520469485,-1.1805691703375552,-1.1805745472884042,0.7409016271481423,-1.3923190807694628,0.0,0.0,0.21690762043,0.645161256194,0.680648192751
378,-0.6114740379781194,-1.3483726213112914,-1.1900337683544853,-1.1900208110448494,0.8213620552461945,-1.4691461477069834,0.0,1.0,0.0,0.0,0.0
379,-0.12591653538291525,-1.1796607987822165,-1.2744046448990773,-1.2742309896848827,0.7220141384650264,-1.484281770774445,0.0,1.0,15.834256291400001,8.387096330519999,17.9183441523
380,-0.21665914586065746,-1.2349266016211677,-1.23515656079993,-1.2352043110760629,0.7259115018341735,-0.7386733692584742,0.0,1.0,2.1690762043,4.9462362974900005,5.400939278559999
381,-0.6874906000708401,-1.7145266072885874,-1.5610356064906676,-1.5612073312699029,0.3748684080208302,-1.0186647136139804,0.0,1.0,0.86763048172,6.23655880988,6.29662198658
382,-0.2904541469977261,-1.2965917630288877,-1.2530672405332726,-1.2531903325042646,0.7170211595858038,-0.7013065263885658,0.0,1.0,13.4482724667,0.645161256194,13.463738908
383,-0.6070144523288924,-1.3507846603837166,-1.1646209763947666,-1.1646434067395506,0.8174433239672206,-1.2254782693537258,0.0,1.0,0.0,0.0,0.0
384,-0.5321529601787633,-1.4480058398284015,-1.2357586922804082,-1.2359657272392726,0.6464093970976331,-1.519465507450812,0.0,1.0,0.21690762043,5.59139755368,5.59560323103
385,0.4186791597831904,-0.8496808315964787,-1.2067978349336723,-1.2059450288140268,0.7214363297305082,-1.2875335709089866,0.0,1.0,14.9666258097,1.50537626445,15.042142328299999
386,-0.29458962282558465,-1.4742221823170325,-0.9555386471622975,-0.955411885666033,0.5523201557886844,-0.832211397839052,0.0,1.0,0.86763048172,4.9462362974900005,5.021756282759999
387,0.24065734050487153,-1.0195816072579418,-1.236641167032513,-1.2359103584605313,0.647134633283383,-1.4949164847674286,0.0,1.0,5.6395981311800005,2.58064502478,6.2019993409500005
388,-0.34397146740774437,-1.3200899849585823,-1.252936424581679,-1.253140461787887,0.7140079234221784,-0.7562793096721929,0.0,1.0,0.21690762043,5.59139755368,5.59560323103
389,-0.6192391709163118,-1.332212574943205,-1.1903244473883232,-1.1903170284124833,0.8199924204208913,-1.413601104097471,0.0,1.0,13.8820877075,27.0967727602,30.445811750300003
390,-0.1296613787951893,-1.2267738779219026,-1.2637669145911783,-1.263680836035855,0.6503350176637944,-0.6502840860162084,0.0,1.0,0.43381524086,4.9462362974900005,4.965223980219999
391,-0.6075531031644995,-1.3229985900207233,-1.2001528529837469,-1.200226099168406,0.8270025344752843,-0.828152976510205,0.0,1.0,0.0,0.0,0.0
392,0.5150789947799861,-0.827057629428918,-1.2071038128786389,-1.206175496838548,0.7220356477553531,-1.2602135186534449,0.0,1.0,3.6874295473100003,3.8709675371599994,5.34616931458
393,0.2935874017869615,-0.9990121222411597,-1.2641221953000907,-1.2633175441690632,0.6504606454757982,-1.460694597593307,0.0,1.0,1.95216858387,4.73118254542,5.11811004747
394,-0.7013733177280987,-1.5938859663822091,-0.8819673205831785,-0.8819984938646129,0.9256307760918183,-1.3671864791011636,0.0,0.0,0.0,0.430107504129,0.430107504129
395,-0.6072942447844941,-1.3243841232739788,-1.2099810000738573,-1.2100623482030384,0.8252747281386213,-0.7231868533366326,0.0,1.0,16.0511639118,11.1827951074,19.5625859573
396,-0.6807651854899889,-1.4100907136278842,-1.1805197861483887,-1.1805226623084437,0.7418878971845156,-1.4180109638107465,0.0,0.0,0.21690762043,0.645161256194,0.680648192751
397,0.0821548011638164,-1.0474843927642887,-1.2746160900697165,-1.2741903946906952,0.7241243865559223,-1.4299140640472339,0.0,1.0,9.110120058060001,0.0,9.110120058060001
398,-0.03933181547862946,-1.1591035469320345,-1.2639360028528623,-1.2635652291573636,0.6499455407531229,-1.5942238092928553,0.0,1.0,2.8197990655900003,4.0860212892300005,4.964558061530001
399,-0.684679258146554,-1.4161580232971862,-1.2044297405551543,-1.204477144372869,0.742983565791603,-1.1166090445591517,0.0,0.0,0.0,0.430107504129,0.430107504129
400,-0.3285125603131946,-1.542848722683634,-1.4909440601452295,-1.4910738241541277,1.07395352143401,-0.6308444559733373,0.0,1.0,16.0511639118,31.6129015535,35.45441309
401,-0.6860219590872544,-1.4064475652976502,-1.2043401558479365,-1.2043714064654534,0.7412159381994524,-1.1744231819371425,0.0,0.0,0.0,0.21505375206500002,0.21505375206500002
402,-0.6870864414347837,-1.4357699550160428,-1.1954004350656058,-1.1955274206587816,0.7362430653309603,-0.569158943078095,0.0,0.0,0.6507228612899999,0.430107504129,0.780020965945
403,0.20973911365833048,-0.9976708150250864,-1.2641531783177942,-1.2636245758739098,0.7250285352671955,-1.3719312699108803,0.0,1.0,11.4961038828,0.860215008259,11.5282424655
404,-0.690033593718687,-1.4360594697125748,-1.1953754838421573,-1.1953628992493588,0.7367422873728241,-1.5580483447844669,0.0,0.0,0.6507228612899999,0.645161256194,0.9163368860299999
405,-0.6077299788650544,-1.3508283568280086,-1.1903163559258039,-1.1903141525884224,0.82098919021354,-1.3970005503816063,0.0,1.0,13.6651800871,25.8064502478,29.2011989686
406,-0.6161732934033438,-1.3552052160296202,-1.2162001794808839,-1.2163157110030933,0.8191453774894426,-0.5986454215057923,0.0,1.0,14.3159029484,52.6881692559,54.5984272371
407,-0.6067309106079448,-1.3512791426329347,-1.1645615521405943,-1.1645822750588997,0.8183591982755403,-1.1918416325466443,0.0,1.0,14.3159029484,26.2365577519,29.8881588576
408,-0.4576828979964347,-1.3497355768393464,-1.1968510823521123,-1.1971022389963324,0.7200786950263635,-1.070267537071276,0.0,1.0,15.4004410505,4.30107504129,15.989772702
409,-0.6019784649639571,-1.3209586075467568,-1.1645973232102234,-1.1646188682382093,0.8257792059338758,-1.1624690182388737,0.0,0.0,0.0,0.645161256194,0.645161256194
410,0.23885403172034103,-1.0307938664140597,-1.2738614565752462,-1.2731238514922083,0.648710293495446,-1.5435377310019418,0.0,1.0,0.6507228612899999,4.73118254542,4.775722827
411,-0.05049545141417977,-1.1276669928411742,-1.2639797621427298,-1.2637149827535552,0.724360149172837,-1.4617426841051855,0.0,1.0,1.08453810215,5.376343801619999,5.4846417903299995
412,-0.3978551904498735,-1.361886045657127,-1.2275619452775781,-1.227733322674312,0.6492727592252128,-0.884006795586337,0.0,1.0,4.121244788169999,1.9354837685799997,4.55310399864
413,0.11886526868899788,-1.0496622320491233,-1.2640943787752101,-1.2636725120255852,0.7245828131420586,-1.4467796175656518,0.0,1.0,16.0511639118,15.0537626445,22.0058090667
414,-0.39578335088563327,-1.3212898132394677,-1.224346430723453,-1.224592718473387,0.7217345097215146,-0.8335618840118593,0.0,1.0,4.3381524086,4.51612879336,6.2621869661
415,-0.43938182431714945,-1.3392069486120177,-1.1964682151122665,-1.1967266052270862,0.7206382611948331,-0.9763635713500579,0.0,1.0,0.0,4.9462362974900005,4.9462362974900005
416,-0.04927463792030329,-1.1847947392120326,-1.2736005276137108,-1.2732290801155721,0.6442804178478719,-1.5753298844815613,0.0,1.0,5.422690510750001,3.4408600330400003,6.42223404606
417,-0.6112859221558241,-1.3480524503885944,-1.190124042264102,-1.1901111917638396,0.8216089449742568,-1.4660269273033024,0.0,1.0,0.0,0.0,0.0
418,-0.6836497159894858,-1.4408766935198836,-1.1953908062695577,-1.195383574034047,0.7350585509289799,-1.5202744751813129,0.0,0.0,0.21690762043,0.645161256194,0.680648192751
419,-0.691174446801512,-1.438469135771877,-1.1520939940051578,-1.1521845623684182,0.7332510026711927,-0.7746411357626379,0.0,0.0,0.43381524086,0.430107504129,0.610891257353
420,-0.68977618144259,-1.4375825168530723,-1.2091716518743076,-1.2092775339523552,0.7360354120154222,-0.6561562237973468,0.0,0.0,0.21690762043,0.645161256194,0.680648192751
421,-0.6052776627229293,-1.3231789876342095,-1.1644766262539015,-1.1645296926759439,0.8265329906351735,-0.968149194153808,0.0,1.0,0.0,0.0,0.0
422,0.21899657813718648,-1.0012390416012096,-1.264208547622987,-1.2636136899049877,0.7242234606238115,-1.4057911819938438,0.0,1.0,15.834256291400001,0.21505375206500002,15.8357166058
423,-0.3406929827481515,-1.3124886183116784,-1.2528895353014655,-1.2529559039425304,0.6491702795431438,-1.2270535103084992,0.0,1.0,1.08453810215,4.51612879336,4.64452819705
424,-0.5959990087101082,-1.723256260164381,0.8068566611670496,0.8068531943763757,-1.7277945131094539,-1.4888808537728653,0.0,1.0,0.43381524086,4.9462362974900005,4.965223980219999
425,-0.16384987775965865,-1.1990576781013507,-1.2638265670737572,-1.263695214881268,0.7250909325888123,-1.4971460142047122,0.0,1.0,1.95216858387,6.02150505781,6.33004623531
426,-0.43938779857286114,-1.3403882730993308,-1.2069397855523967,-1.2071902238506396,0.7211567473928534,-0.976768582098189,0.0,1.0,9.32702767849,2.36559127271,9.62234209457
427,-0.12621994294115418,-1.1747168334933806,-1.26388074112055,-1.2637023809564962,0.7237230175530246,-1.4946311914288994,0.0,1.0,13.0144572258,7.741935074330001,15.143105876199998
428,-0.6628231831062205,-1.383261795668575,-1.1989303294209275,-1.1989394529625435,0.753000280198195,-1.3174133887209318,0.0,0.0,0.86763048172,0.860215008259,1.22178251471
429,0.3155600720525571,-0.9399363876707395,-1.2450938778678695,-1.2444525992318751,0.7212329173834875,-1.2888685626437708,0.0,1.0,16.7018867731,1.07526876032,16.7364639243
430,-0.6074197527384516,-1.348155789493682,-1.1800662532064998,-1.1800680538735513,0.8202957451273248,-1.3337691982537667,0.0,1.0,14.5328105688,16.1290314049,21.7105558908
431,-0.13763135491598855,-1.1634187456234744,-1.2638959918998844,-1.2637214449703047,0.7222501455717724,-1.4774242694469364,0.0,1.0,4.98887526989,3.8709675371599994,6.31452817971
432,-0.6839555880195718,-1.413122633144856,-1.180485361857331,-1.1805026457585726,0.7415252590443433,-1.315503012838857,0.0,0.0,0.0,0.860215008259,0.860215008259
433,-0.23542463570574113,-1.2651014982805049,-1.253120804812689,-1.253243443527999,0.7154080136232935,-0.4955130505792531,0.0,1.0,15.617348670999998,0.0,15.617348670999998
434,0.16623976642911514,-1.0241032982562515,-1.2641718454289037,-1.263640700632698,0.7221660140076753,-1.3905967014524032,0.0,1.0,4.555060029030001,4.9462362974900005,6.7241226475
435,0.27356943310301146,-0.9386057073653538,-1.2748543763668256,-1.2741879602082424,0.7347948134313886,-1.3567511369530958,0.0,1.0,0.43381524086,5.376343801619999,5.3938176031800005
436,-0.6852536564527146,-1.4375066333846565,-1.1859604371329988,-1.1859515724224126,0.7361029497589043,-1.5161971302983814,0.0,0.0,0.0,0.860215008259,0.860215008259
437,-0.23752843845760008,-1.2836196436586258,-1.263700370874628,-1.2636927579420751,0.6501193288053778,-0.6558551574704533,0.0,1.0,4.3381524086,3.6559137851,5.6732064940699996
438,-0.6892144943537141,-1.4389298020198238,-1.2047417675176055,-1.2047296322837595,0.7357630735841726,-1.5620025470867225,0.0,0.0,0.21690762043,0.860215008259,0.887140787155
439,-0.33925600046560866,-1.3115147710701205,-1.2422291483718952,-1.2424137847732761,0.7151624232673445,-0.7032863891824898,0.0,1.0,0.6507228612899999,5.16129004955,5.20214909608
440,-0.12917518340587503,-1.2290823685600372,-1.2637745815867423,-1.2636423169642308,0.6488837596139496,-0.6047173600146853,0.0,1.0,0.6507228612899999,5.376343801619999,5.4155805704799995
441,-0.6862476332594993,-1.4088966545469341,-1.2045339149001304,-1.2045764672071337,0.7410323180760717,-1.0977475680842828,0.0,0.0,0.43381524086,0.645161256194,0.7774501332539999
442,-0.6130592295102971,-1.3456156571706996,-1.1898714778293216,-1.1900079674363995,0.8177709041934158,-0.3866306853505588,0.0,1.0,0.0,0.0,0.0
443,-0.014136997477352586,-1.104225374069666,-1.2533534080532727,-1.2530891269067865,0.7230699924793508,-1.4285229800973296,0.0,1.0,4.3381524086,4.0860212892300005,5.9594577183099995
444,-0.6044087219839402,-1.3574919478698144,-1.1903589358302915,-1.1903613540731277,0.8224417280988637,-1.3024575624967725,0.0,1.0,0.0,0.0,0.0
445,-0.6859703892790265,-1.4394534920890316,-1.195368736479951,-1.1953598431529386,0.7346867730440855,-1.5339281415150556,0.0,0.0,0.21690762043,0.430107504129,0.48170673745399994
446,-0.6075328894065248,-1.3197970499647973,-1.174885176390262,-1.1749117565420018,0.8235891970092636,-1.1642100309675574,0.0,1.0,14.3159029484,18.9247301817,23.7295278014
447,-0.6067410064633182,-1.3503923297452602,-1.1903413614721268,-1.1903427734961216,0.8199172032879561,-1.3570403234881394,0.0,1.0,13.6651800871,21.9354827106,25.8438106432
448,-0.8240803029022623,-0.8977019888886665,-0.9411088212457247,-0.9411075921720959,0.6737722130991237,-0.9135028909440204,0.0,0.0,0.43381524086,1.07526876032,1.15948202665
449,-0.611786813013146,-1.3504135749902713,-1.190280435658364,-1.190275489269385,0.8117912120184303,-1.413030313610606,0.0,0.0,0.43381524086,0.645161256194,0.7774501332539999
450,-0.6853725536589322,-1.4083870801895841,-1.204367263174309,-1.204380720902211,0.7411184934902424,-1.3434852799728008,0.0,0.0,0.6507228612899999,0.860215008259,1.07861490006
451,-0.4464752878095939,-1.3409605687981196,-1.2348774884292475,-1.235126043860118,0.7265477413469895,-1.0603296307230283,0.0,1.0,15.834256291400001,0.860215008259,15.857605183699999
452,-0.6630193564562047,-1.3794213311398988,-1.1804869957717625,-1.1804868769118877,0.7526721099008287,-1.3842711983477278,0.0,0.0,0.0,0.21505375206500002,0.21505375206500002
453,-0.6098146672179479,-1.3484453083563765,-1.1893682074130396,-1.189498022435378,0.8214318664642328,-0.4738390816036263,0.0,1.0,15.617348670999998,44.0860191733,46.770489264700004
454,-0.41763329497185075,-1.3793372059939655,-1.2367505803265484,-1.2368834085283575,0.6476959358516751,-1.0970469835730372,0.0,1.0,5.422690510750001,4.30107504129,6.92133071643
455,-0.6087942253460424,-1.3486675830670174,-1.1902763210633494,-1.190271781622144,0.8211065312955634,-1.3947140289835793,0.0,1.0,15.617348670999998,23.6559127271,28.346142355900003
456,0.07524535261714504,-1.0739888574148895,-1.2534564437327451,-1.2530352083808034,0.723941980946505,-1.4296802375461513,0.0,1.0,9.54393529892,0.430107504129,9.55362200713
457,-0.3429016759062533,-1.3479533889587403,-1.2373543825175368,-1.237461594104051,0.645710043646197,-0.629768580733533,0.0,1.0,1.08453810215,4.9462362974900005,5.0637413446599995
458,-0.6843006612940487,-1.4110528666001745,-1.1799086431938524,-1.1799360720682524,0.7409882302591745,-1.2524759966921513,0.0,1.0,0.86763048172,1.29032251239,1.55490026651
459,-0.6106771808723009,-1.3512447369965965,-1.226352676644977,-1.2264621294886813,0.8200772975157522,-0.5898430540859615,0.0,0.0,0.21690762043,0.645161256194,0.680648192751
460,0.21561075165447513,-0.993041470682432,-1.2535749455541245,-1.2529920629400526,0.7232210192330332,-1.3134493976439103,0.0,1.0,13.8820877075,1.07526876032,13.9236691294
461,-0.6949857237935312,-1.4249815115113043,-1.1952432992682422,-1.195286211998473,0.7321262469093456,-1.1528203554751961,0.0,0.0,0.43381524086,0.860215008259,0.963413474909
462,-0.6047499214931047,-1.3510385547448778,-1.1801105345509009,-1.180107482351269,0.8222409508861827,-1.3784615779379201,0.0,0.0,0.0,1.07526876032,1.07526876032
463,-0.6890982776589086,-1.4089192164126871,-1.2044661573058715,-1.2045333854374105,0.7403390652539545,-0.9164659465886867,0.0,0.0,0.21690762043,0.430107504129,0.48170673745399994
464,-0.04866175727074762,-1.1384318842559944,-1.2533248680440352,-1.2530633701743468,0.7238414254653027,-1.4591848152978177,0.0,1.0,13.6651800871,2.79569877684,13.948228506300001
465,-0.32209516949572037,-1.309975377480577,-1.2530244340704864,-1.2531784449118282,0.7148544428293189,-0.709787055016196,0.0,1.0,6.29032099247,1.9354837685799997,6.58135514972
466,-0.6827441436430025,-1.411422502243062,-1.1896435769293507,-1.1896608034848886,0.7427574792837913,-1.2826932175867336,0.0,0.0,0.21690762043,0.21505375206500002,0.305445628677
467,0.24038246765953197,-0.9951543256859219,-1.236869988742938,-1.2361408394462055,0.6507376059001915,-1.519376192190594,0.0,1.0,2.38598382473,4.0860212892300005,4.7316475764699994
468,-0.019271051692039798,-1.1254079190995043,-1.2533146023169641,-1.2530642240593368,0.7236573415220034,-1.4593667243603985,0.0,1.0,8.459397196769999,0.860215008259,8.50302127441
469,-0.605250964957073,-1.3497270754073087,-1.1903421222802757,-1.1903500511037763,0.8186499576272307,-1.2839887775043517,0.0,1.0,14.9666258097,38.7096753716,41.5022753052
470,-0.27833411839669747,-1.3056600261791267,-1.2635949314972588,-1.2635967532459258,0.6457690899443983,-0.864918350604223,0.0,1.0,4.121244788169999,3.8709675371599994,5.65411781605
471,-0.6873933447774973,-1.4093920802061652,-1.2044726332245168,-1.2045338274372437,0.7400377303334605,-1.0123370381955517,0.0,0.0,0.21690762043,0.0,0.21690762043
472,0.47260968962758537,-0.8509688564852929,-1.2081239366422525,-1.2072071360254606,0.7220446272024225,-1.1882074820224093,0.0,1.0,1.73526096344,5.376343801619999,5.6494427410500005
473,0.674661996694322,0.7537682749107164,-1.3304203927823182,0.6852272089274869,1.1467879186727337,0.7639771561488345,0.0,1.0,3.25361430645,4.9462362974900005,5.92041042207
474,-0.6060520939908716,-1.353477069308009,-1.1903538725187854,-1.1903517530112608,0.8191456072165209,-1.3801996811431958,0.0,0.0,0.21690762043,0.860215008259,0.887140787155
475,0.07805189485607839,-1.0466671424209166,-1.264100735609585,-1.2636794172409933,0.7248405194321251,-1.4293441104415825,0.0,1.0,3.25361430645,3.8709675371599994,5.05671788109
476,0.2756402184930284,-0.9547685844364519,-1.2535481766278513,-1.2528948641297193,0.7357074620400593,-1.3111418778870076,0.0,1.0,14.3159029484,0.21505375206500002,14.3175181279
477,-0.6881425650072085,-1.4092910417259124,-1.2138787636652364,-1.2139327427611937,0.7440967259658573,-1.0000974234034552,0.0,0.0,0.21690762043,0.430107504129,0.48170673745399994
478,-0.009665968572586336,-1.1233931440277738,-1.263963046608789,-1.263652043343096,0.7264321888432002,-1.4637971246504409,0.0,1.0,13.8820877075,0.21505375206500002,13.8837533555
479,-0.6853663608872779,-1.40991762470229,-1.1801088501308736,-1.18013516488415,0.7419179896726429,-1.2462058403972756,0.0,0.0,0.21690762043,0.21505375206500002,0.305445628677
480,-0.6112963423676547,-1.3482808630477692,-1.1900926807214394,-1.190083795042213,0.8206982781245539,-1.4527631247779342,0.0,0.0,0.43381524086,0.860215008259,0.963413474909
481,-0.6888974668352823,-1.436421144448646,-1.1953958403571558,-1.1953832110463816,0.7368605132710963,-1.5587556101416504,0.0,0.0,0.0,0.645161256194,0.645161256194
482,-0.6107425428705976,-1.3236912824380205,-1.2001656557485239,-1.2002323175024092,0.8249096202550366,-0.8812665249563932,0.0,1.0,16.4849791527,5.376343801619999,17.339538930899998
483,-0.42413533123783387,-1.3382473318168329,-1.2349124490383379,-1.2351525965526777,0.7223101411620128,-0.9803170956720834,0.0,1.0,1.08453810215,5.59139755368,5.695607912969999
484,-0.43896189164370586,-1.3804703219186965,-1.227495092545984,-1.2276544575641621,0.6495170905198057,-1.0730417148976368,0.0,1.0,2.8197990655900003,5.16129004955,5.8813418320899995
485,0.26501324348913874,-0.9616300889594498,-1.2349001991368211,-1.2342455359971243,0.7225253832665963,-1.2857695712878479,0.0,1.0,2.38598382473,4.51612879336,5.1076744306999995
486,-0.3659361615455382,-1.3113637661825268,-1.224298299819297,-1.2244924269311985,0.7148312327816437,-0.7867167530414217,0.0,1.0,12.5806419849,3.4408600330400003,13.042701810599999
487,-0.6833353472670983,-1.4406316433129556,-1.1859498330538627,-1.1859435504146485,0.7348592298364808,-1.500288339376435,0.0,0.0,0.0,0.860215008259,0.860215008259
488,-0.6111212651232286,-1.3527064590975528,-1.2263344018588909,-1.2264389867124508,0.8203027725899579,-0.6420373796362486,0.0,1.0,18.437147736500002,6.66666631401,19.6054292583
489,0.0014581039517462813,-1.1619645549931557,-1.2736769125818284,-1.2734463139545773,0.6503403597733575,-0.5516011087102615,0.0,1.0,0.43381524086,5.376343801619999,5.3938176031800005
490,0.33394035865259014,-0.917637049859862,-1.2642524081275637,-1.2635624853862097,0.7203990066032708,-1.3263916436500875,0.0,1.0,13.8820877075,2.15053752065,14.047674923199999
491,-0.1626613801587632,-1.19308526341811,-1.2702903078561563,-1.2701523909073094,0.7269611151605249,-1.4956480845231237,0.0,1.0,0.43381524086,4.9462362974900005,4.965223980219999
492,-0.683175633102965,-1.4074048001172272,-1.180553963874099,-1.1805671698011992,0.7416430644652074,-1.309494919089661,0.0,0.0,0.43381524086,1.07526876032,1.15948202665
493,-0.2895214460091211,-1.2785682672085603,-1.2531003329951336,-1.2532401246095932,0.7171118583903616,-0.6455361196729703,0.0,1.0,15.4004410505,0.860215008259,15.424446648499998
494,-0.41263843193057775,-1.3188181789663003,-1.2243840691808296,-1.2246086310672577,0.7217887932598444,-0.9353436788092697,0.0,1.0,0.43381524086,4.9462362974900005,4.965223980219999
495,-0.6830603804331667,-1.4403162473750328,-1.1858676060428903,-1.185863026848359,0.7359786142597013,-1.4843862401575922,0.0,0.0,0.21690762043,0.21505375206500002,0.305445628677
496,0.2875117506341366,-1.0062534725577685,-1.2379031568392138,-1.23709572283322,0.6523464831294363,-1.547398522236982,0.0,1.0,0.43381524086,5.16129004955,5.17948941874
497,0.08815090579149631,-1.1088574198982193,-1.2640750105883596,-1.2635277239630351,0.6503538827798495,-1.5918209411533912,0.0,1.0,0.43381524086,5.376343801619999,5.3938176031800005
498,-0.6109953272362143,-1.3496243747467445,-1.1893947563366023,-1.189522631024004,0.8223994321529863,-0.47713885091276353,0.0,1.0,14.749718189200001,10.5376338512,18.1272147293
499,0.526413029162883,-0.7842671434786106,-1.208455048757648,-1.20746323444751,0.7218992971917486,-1.150178568396147,0.0,1.0,15.4004410505,0.645161256194,15.4139487996
500,-0.1291761298750222,-1.223797360605475,-1.2539776084351972,-1.2538496537326176,0.649576198100057,-0.5957144115309126,0.0,1.0,0.86763048172,5.376343801619999,5.445902618119999
501,0.285850703328684,-0.9982528616505558,-1.2640996034878547,-1.2632873956108905,0.6497359649983202,-1.5583721095934673,0.0,1.0,5.6395981311800005,3.01075252891,6.392941253559999
502,-0.08911153619631962,-1.2081952317057967,-1.263878796907479,-1.2636913155536178,0.6503711149397656,-0.6505656989056449,0.0,1.0,1.73526096344,4.73118254542,5.03936691355
503,-0.6054776454980426,-1.3447309427543586,-1.1903766442291346,-1.1903816874945552,0.8201159190041959,-1.3289194900711627,0.0,0.0,0.0,0.645161256194,0.645161256194
504,-0.4257489526825785,-1.2448703354818584,-1.4884095250388891,-1.488453761318051,1.0127008013401761,-0.9570528335932835,0.0,0.0,0.43381524086,0.645161256194,0.7774501332539999
505,0.2875885712352996,-0.9668585526094626,-1.2365714168313648,-1.2357703190750042,0.6487795579285363,-1.5026840623451205,0.0,1.0,2.1690762043,3.8709675371599994,4.43726055735
506,-0.10896235284632061,-1.174460760980533,-1.246598725923062,-1.2464274521298941,0.6558726195446828,-0.7873852723452661,0.0,1.0,3.47052192688,4.9462362974900005,6.04233199647
507,-0.8965480827345943,-1.6242588186303735,-0.8857182898746855,-0.8857791378587405,0.29477869343905466,-1.1702257792132271,0.0,1.0,0.0,0.0,0.0
508,-0.6891497341371063,-1.433499339021053,-1.1953451875372911,-1.1954759799245867,0.7340814231377024,-0.5015624454445085,0.0,0.0,0.21690762043,1.07526876032,1.0969283580700002
509,-0.6653089100273712,-1.4058042056849434,-1.214079056370123,-1.2140674400748646,0.7453932583188786,-1.5184605549178805,0.0,0.0,0.0,0.430107504129,0.430107504129
510,0.5681539459629701,-0.7991434665859174,-1.2083772791536191,-1.2072909688399025,0.7108796713046585,-1.2008377957518912,0.0,1.0,10.1946581602,4.0860212892300005,10.9830152954
511,-0.6075010707717298,-1.3477347054894213,-1.1903179338669325,-1.1903132590346504,0.8225082138650374,-1.41220012701093,0.0,1.0,16.0511639118,25.591396495700003,30.208598734899997
512,-0.684239744867514,-1.41162622086031,-1.2044607068234066,-1.2044929854833613,0.7422352639735909,-1.1781285251674003,0.0,0.0,0.21690762043,0.645161256194,0.680648192751
513,0.38728526185570955,-0.9170629696468144,-1.236641683653052,-1.2357670251979553,0.6475235157413073,-1.5032399459065067,0.0,1.0,0.21690762043,5.16129004955,5.16584590279
514,-0.6879398277105692,-1.406227789628373,-1.204556965196979,-1.204619442579019,0.7405332363386982,-1.0140207645959642,0.0,0.0,0.43381524086,1.07526876032,1.15948202665
515,-0.6819945508972529,-1.408536791440514,-1.1807356734552714,-1.1807408656316778,0.7381488841127588,-1.367357661255087,0.0,0.0,0.21690762043,0.430107504129,0.48170673745399994
516,-0.23908965599739634,-1.2539895990249335,-1.2468458845325296,-1.24685513759963,0.6561975082834415,-0.8339962476754498,0.0,1.0,1.95216858387,4.0860212892300005,4.528413867559999
517,-0.41477122273505873,-1.3452043301013972,-1.2563618330004995,-1.2565100586525262,0.6534091001061354,-0.9459718569202255,0.0,1.0,3.25361430645,4.51612879336,5.56609605858
518,-0.6913039450346297,-1.4371537407694315,-1.1858125801282058,-1.1859255838790803,0.7334429079168655,-0.656588512867276,0.0,0.0,0.0,0.645161256194,0.645161256194
519,-0.4250400475919081,-1.3382643038616582,-1.24549234766857,-1.2457279336821756,0.7199991230224481,-0.9878100563529569,0.0,1.0,2.38598382473,5.16129004955,5.68610884415
520,-0.6093431571583057,-1.4811070951790009,0.7978029793127893,-1.2530419803961919,0.724254652408604,-1.4462054483926472,0.0,1.0,13.8820877075,2.79569877684,14.1608012051
521,0.23859629607247756,-0.9861474113215705,-1.2112408251547946,-1.2105093135801495,0.6483819647369857,-1.5252014028470646,0.0,1.0,1.3014457225799998,4.51612879336,4.69991279143
522,-0.6845954206198405,-1.4412873312540397,-1.1953961452055801,-1.1953957782726121,0.7336995098690979,-1.4527320122473932,0.0,0.0,0.0,0.860215008259,0.860215008259
523,-0.3754798135862295,-1.3687022363757706,-1.227512910677384,-1.227636024800094,0.6407883353972491,-0.8382080991684185,0.0,1.0,1.51835334301,5.376343801619999,5.5866331137300005
524,-0.684430594030476,-1.4102153210261328,-1.1798755074400398,-1.1799022509504857,0.7425764174211616,-1.2452143957217818,0.0,0.0,0.6507228612899999,0.430107504129,0.780020965945
525,-0.605208847401678,-1.351619799026624,-1.190346970270938,-1.1903526880695938,0.8194042875629642,-1.3375125052222359,0.0,1.0,0.0,0.0,0.0
526,-0.6839330518978587,-1.408691011959628,-1.2042545031015366,-1.204276444468828,0.7402573299159765,-1.247005494537198,0.0,0.0,0.6507228612899999,0.860215008259,1.07861490006
527,-0.6118018388864718,-1.3364946596596634,-1.2001439213484286,-1.2002133837818703,0.8175772683345501,-0.8981578692657717,0.0,0.0,0.21690762043,0.860215008259,0.887140787155
