,drop_white_pos_y,drop_white_pos_z,drop_white_pos_x,drop_black_pos_x,drop_black_pos_y,drop_black_pos_z,max_belt
0,0.04280644096595377,-0.5931454774359614,-0.15305487490666683,-0.16713959191036815,0.046254921613288584,-0.36328139201868476,-0.10714535814682402
1,0.04538580254494845,-0.3441267791462634,-0.15252169759603942,-0.167354663356428,0.04625408097634275,1.0707151162000699,-0.10714535814682402
2,0.04281316420283111,-0.5949985700428538,-0.15305426117721355,-0.1674102404048234,0.04625204293582311,1.4223950025676486,-0.10714677059106156
3,0.0466266864857758,0.003869096372257197,-0.15297765491498272,-0.1674520703445517,0.04626475156626957,1.5773870579097224,11.780213793004789
4,0.04780659027557409,0.35288141183904426,-0.15332294504618094,-0.16702196598385724,0.046260464593571624,-1.1230648524449716,-0.10714337329097441
5,0.04280686583184818,-0.5935445710738368,-0.1530542045986171,-0.16715817605467087,0.04624660443551839,-0.27106042366384264,-0.10714535814682402
6,0.0428092885306039,-0.5923162924850799,-0.15305466331472242,-0.16703388501356367,0.04625845497903694,-1.056348131333715,-0.10714535814682402
7,0.04280950649258747,-0.5932760127860002,-0.15305575960026727,-0.16728710040107844,0.04624842242044977,0.697343079571362,-0.10714459988728597
8,0.042821854679308886,-0.5938547249979218,-0.15305602801775128,-0.16712727712534362,0.046253123788866264,-0.3714713376719392,-0.10714459988728597
9,0.05284604041417363,1.7833590356083113,-0.15565143514803967,-0.16709880138290617,0.04625798248447347,-0.6121058045905896,-0.10714459988728597
10,0.05092927083301595,1.2436624469365027,-0.15477430103552667,-0.16707426148991306,0.046252849324529326,-0.758003232319362,-0.10714459988728597
11,0.04281116553487104,-0.5909819461724825,-0.15305623634590668,-0.16722549738688933,0.046248575021103154,0.2770705579638903,-0.10714535814682402
12,0.04555533025148752,-0.2786737855942567,-0.15257892755530644,-0.16728508788695678,0.04624392466272498,0.5578862446541981,-0.10714459988728597
13,0.04281840180032998,-0.5897884609199744,-0.15305552316392892,-0.1673375371894717,0.04625410077611077,0.8303311652375522,-0.10714535814682402
14,0.04814172784929863,0.42592512973096197,-0.1534499063386325,-0.167522692734661,0.04625696787200053,2.0213993436465287,-0.10714459988728597
15,0.04525500091388379,-0.3844903344325041,-0.15247261523899266,-0.16724260011098216,0.04625613504872267,0.30438281378895926,-0.10714337329097441
16,0.05528356956667468,2.558035221043443,-0.1569099393104022,-0.16709798155388714,0.046249589956958714,-0.4907499654952794,-0.10714677059106156
17,0.042816596008688736,-0.5933407042022144,-0.1530553136463386,-0.16702575220351798,0.046267127439808486,-1.125329158911044,-0.10714337329097441
18,0.050595918614783554,1.1186837934384597,-0.15459603996719404,-0.1670526572697966,0.04626625887149733,-0.8774131687319456,-0.10714459988728597
19,0.04886346236643677,0.6487693689222054,-0.15373547534798288,-0.16745800716808948,0.046261843638647174,1.5539924965782277,-0.10714535814682402
20,0.046579336866759,0.061618046011925075,-0.15297772581282826,-0.16745232389328366,0.04626088833604053,1.5827933681990785,-0.10714337329097441
21,0.046256949762977756,-0.08473884677735873,-0.15286576368483654,-0.16722326648146368,0.04625698898867587,0.3035180417377867,-0.10714535814682402
22,0.044955189248482956,-0.4490269443636377,-0.15235840769866904,-0.16717432563403858,0.04625153880290826,-0.16176841499362127,-0.10714337329097441
23,0.051862330576186944,1.5243546636343515,-0.15521537501875468,-0.16729739997140244,0.0462462478132928,0.7049451870652045,-0.10714337329097441
24,0.042809327984384284,-0.601487571591095,-0.1530561423925303,-0.16724570817934586,0.04625584598196603,0.2809160156612926,-0.10714677059106156
25,0.04280912628654485,-0.5996410651838132,-0.1530563794967064,-0.16746161057468786,0.04624661911611925,1.593775291196099,-0.10714677059106156
26,0.04513619934646369,-0.4297336798525445,-0.15239622958940968,-0.16720736722431284,0.046250632260028166,0.1557534207902915,-0.10714459988728597
27,0.048492651388259214,0.4915905059217738,-0.15358443270053126,-0.16741059400346098,0.046256149143169216,1.2589553125977682,-0.10714677059106156
28,0.04842515500005248,0.5077753161839154,-0.1535589606533873,-0.16722665226936764,0.04625573663961882,0.2735971231661651,-0.10714535814682402
29,0.04280998430610023,-0.5950220102788494,-0.153055005968719,-0.16713630576929916,0.046249959357665675,-0.2594855161755668,-0.10714677059106156
30,0.042806328721577996,-0.5929929159869372,-0.15305509893528293,-0.16719429910703396,0.04623839559731616,-0.06765433875423502,-0.10714535814682402
31,0.04688387582506961,0.07274066035352174,-0.1530830514599897,-0.16740503474689009,0.04625313149063234,1.2822533907559999,-0.10714459988728597
32,0.0428055559312995,-0.5960026681967501,-0.1530535198496527,-0.16741081818456263,0.04624503383790846,1.256482151433778,-0.10714459988728597
33,0.042811193397273024,-0.5942824018866042,-0.15305569827629342,-0.16713675492878094,0.04625281792215757,-0.35788161630892,-0.10714535814682402
34,0.04281098893502178,-0.5916631629638897,-0.15305569965109284,-0.16740734387143727,0.04625207608619941,1.2917933007701938,-0.10714677059106156
35,0.04631455795789502,-0.06814290077814694,-0.1528830487449783,-0.16725345265003652,0.04624539972439491,0.2866211325184323,-0.10714535814682402
36,0.04281174954531868,-0.6001732953952846,-0.15305615097336175,-0.16743165949763508,0.04625799360969413,1.5058650495114683,-0.10714677059106156
37,0.042811380073709646,-0.5949245007673186,-0.15305488454576588,-0.16714486488626112,0.04624708603828134,-0.2750157300593914,-0.10714677059106156
38,0.04477171470525246,-2.2108926602980454,6.515712849129634,5.998882720481397,0.02354218246305375,-1.03781529395861,-0.10714535814682402
39,0.042811540795289815,-0.5944544293757629,-0.15305590945794428,-0.16731603733771572,0.04624628912404745,0.7050443092000573,-0.10714459988728597
40,0.042808876024817165,-0.5940800858827888,-0.15305441508822581,-0.1672488334439157,0.04624873339598827,0.4300704034081912,-0.10714459988728597
41,0.04505105529788965,-0.44207679725818777,-0.15239999314942262,-0.16718989722718297,0.046256397483791276,0.059441634484187385,-0.10714337329097441
42,0.04281122226127511,-0.5907214254893773,-0.15305566198921067,-0.16715824215352684,0.0462452721361709,-0.16752866896909965,-0.10714677059106156
43,0.04538749211740933,-0.29297274945917806,-0.15252157787235848,-0.16723844020466805,0.046262463284657114,0.2485065421786369,-0.10714337329097441
44,0.042811303078620015,-0.5916811970566411,-0.15305590373738998,-0.16704019097003286,0.04626447083690543,-1.0167177692601377,-0.10714677059106156
45,0.04280664646691886,-0.5926322420896406,-0.15305427995929097,-0.1670884282433137,0.046252854839790636,-0.6178138733841456,-0.10714677059106156
46,0.042807293995875725,-0.5948130857185369,-0.15305465108519867,-0.16728933001785867,0.04624545454864973,0.5509646059342165,-0.10714677059106156
47,0.046587587152506785,-0.00310605854605094,-0.15297546036134313,-0.16740289734524613,0.04625489753614794,1.411493792038458,-0.10714535814682402
48,0.04852603594544327,0.5380789401482158,-0.15374258198271903,-0.16740421963998328,0.04625900033952342,1.3833354896360393,-0.10714677059106156
49,0.04504856809815751,-0.4411297291464334,-0.1523986377274493,-0.16720274021917234,0.04626117964715514,0.05739576682208726,-0.10714337329097441
50,0.047498062691234674,0.24572830319093755,-0.1533206555584293,-0.16745009174314376,0.04626426046797683,1.7078878414208218,-0.10714337329097441
51,0.05148815961637567,1.3842628680968887,-0.15478336950416344,-0.16706277641047376,0.04626670523539437,-0.8244856281057599,-0.10714459988728597
52,0.042815152005860536,-0.593564676455104,-0.15305456078834515,-0.1670274989789911,0.04625887923831481,-1.1140621514095503,-0.10714459988728597
53,0.053933188310305864,2.132460719460986,-0.15616088213005536,-0.16712688593719874,0.04625053601176249,-0.3664838106781984,-0.10714337329097441
54,0.046356930828159955,-0.05942276906726019,-0.15288591297714818,-0.16738301168513564,0.04625598990224258,1.1368601562203378,-0.10714459988728597
55,0.04280994774406719,-0.5904765394645551,-0.15305522868705507,-0.16703485922967012,0.046257941585067124,-1.057535434334605,-0.10714535814682402
56,0.04280883411889435,-0.5913869209805266,-0.1530551902137248,-0.16702718560595955,0.04626151157427877,-1.0317055680004876,-0.10714337329097441
57,0.05186320816703948,1.5264973896384126,-0.15498745284916957,-0.1670854079188244,0.04625898372130602,-0.7089695511636156,-0.10714337329097441
58,0.042813977576270715,-0.5949100607999626,-0.1530551417533303,-0.1672094137913909,0.04625834738104021,0.058289434740446615,-0.10714459988728597
59,0.046606329131668026,-0.008528745655404527,-0.152883631150393,-0.1672637813379843,0.046247032764898326,0.4113402132469216,-0.10714535814682402
60,0.042813318686708395,-0.590553314955733,-0.1530561398878575,-0.16730701890576535,0.046259520349463894,0.7151762064832269,-0.10714535814682402
61,-21.840194329852338,-2.3865797033709484,6.515705401817903,-0.1670236836515316,-21.840227055799968,-1.1341583731818965,3.8001009649126707
62,0.050075801606609384,1.0636457218959667,-0.1542192798923014,-0.1670438706405362,0.04626146891124734,-0.9272248162655252,-0.10714459988728597
63,0.052922268415305465,1.9787131771350457,-0.15568011407911458,-0.1670544207869467,0.04626129020729208,-0.8827260573329775,-0.10714535814682402
64,0.04280732894530957,-0.5948134426050361,-0.15305303593515335,-0.16736460959719732,0.04624776608047968,1.2305856922735232,-0.10714677059106156
65,0.05032933055039429,1.0686996727826268,-0.1544021378531578,-0.16704578668641806,0.0462728025614437,-0.9341207292562436,-0.10714337329097441
66,0.04281471323031336,-0.5912198125883308,-0.15305512285676925,-0.1671531004640995,0.04626268936394763,-0.21452218688544503,-0.10714459988728597
67,0.0463593044735546,-0.08274246340594348,-0.15288045769571862,-0.1673815019686756,0.04626476871041637,1.3065714590899027,-0.10714459988728597
68,0.04281111264633032,-0.5934290178241702,-0.15305490488672027,-0.16703144458926011,0.046268195935741885,-1.0879739037741294,-0.10714535814682402
69,0.04281489391931293,-0.5921756295946334,-0.15305451410365176,-0.1671268571182627,0.04625542018557551,-0.35901596551949255,-0.10714677059106156
70,0.04280816209842338,-0.5950675732094028,-0.15305542233924557,-0.16712686031020238,0.046248336575183346,-0.36843049165228153,-0.10714677059106156
71,0.04280761485528973,-0.5935513098430217,-0.1530550323214711,-0.1672413381984789,0.04625373076561425,0.30092849315166315,-0.10714535814682402
72,0.046077214201688026,-0.1474177938785555,-0.15271733220072653,-0.16736042635727147,0.04625670315807138,1.159528949399453,-0.10714337329097441
73,0.04281076239203045,-0.5949797720183876,-0.15305466584507207,-0.16705741793730253,0.0462568455147278,-0.8321673482251595,-0.10714337329097441
74,0.0428065006190196,-0.5944549998882062,-0.15305458024002264,-0.16738714453676892,0.04625709473468601,1.2906901560700355,-0.10714459988728597
75,0.046344361334661265,-0.07137341729922565,-0.15287778486068523,-0.16724228353505177,0.04625579004408672,0.3097735924075548,-0.10714535814682402
76,0.04281195001500375,-0.5906762517863858,-0.1530560242486034,-0.16731278003337233,0.046251153066674634,0.8553666389662633,-0.10714677059106156
77,0.04282616572670403,-0.5913065300792617,-0.15305650821338204,-0.16703550504148384,0.04625405224993326,-1.0227166377501966,-0.10714337329097441
78,0.042809673307352705,-0.5935355661252056,-0.15305501336871954,-0.16702998230107519,0.04627369767220794,-1.0534807206181462,-0.10714535814682402
79,0.054336446203607544,2.407074673759866,-0.15638209000509895,-0.16710925356922038,0.04625449743957851,-0.3838559682853294,-0.10714676575364179
80,0.04612587037973591,-0.12323596508210857,-0.15280011453049683,-0.16725243997383318,0.04625181123472126,0.2820008520845341,-0.10714535814682402
81,0.04571728124358764,-0.24396335218936718,-0.15264363979010354,-0.16720999622750723,0.04624105618751448,0.04264609293254669,-0.10714535814682402
82,0.05192649415965388,1.5316500320810686,-0.154996328161762,5.969257405615742,0.04286940206793839,4.992801824000058,-0.10714535814682402
83,0.05396724467581029,2.107053189693096,-0.15615763342286257,-0.16712835510729607,0.04625432879970113,-0.46040564275102247,-0.10714459988728597
84,0.042814499048022085,-0.591894562671353,-0.15305555574647464,-0.1671396554283776,0.04624898526306882,-0.36636439603027304,-0.10714535814682402
85,0.05010959084550318,0.9807067010077825,-0.15422528863175183,-0.167022038309588,0.046261552278538065,-1.1360030821253766,-0.10714535814682402
86,0.04281151908865899,-0.5931944991619073,-0.1530555828462132,-0.1673909258672184,0.04625298530027219,1.1498363596944,-0.10714677059106156
87,0.04333220663441505,-0.9416126516590599,6.515702504536273,5.9988861662107364,0.023785711970344767,-1.6180866944194219,-0.10714535814682402
88,0.042808251110691545,-0.5915857196759481,-0.1530555072761196,-0.16717559143586433,0.04625105510972235,-0.06338932994006587,-0.10714459988728597
89,0.045910481943957575,-0.19017447454766065,-0.15271503986722557,-0.16733637938464221,0.04625688144831318,0.861801176655751,-0.10714459988728597
90,0.049688558434264354,0.8770404950979401,-0.1542205364782535,-0.1673311558123135,0.046252726011482885,0.9771979737034218,-0.10714677059106156
91,0.04281350342262255,-0.5968509051390657,-0.15305591867473511,-0.16735986090020522,0.04625184969148538,0.9869742675484007,-0.10714677059106156
92,0.05279978939442345,1.8169106596360418,-0.1556639473504526,-0.1670860540759357,0.046257379067093415,-0.6144324485474315,-0.10714459988728597
93,0.047483404117510807,0.2539602284132778,-0.15332057572430935,-0.1672847684944455,0.04625557450744791,0.5390575430993444,-0.10714677059106156
94,0.04281111803226926,-0.591820910299983,-0.15305457485018037,-0.16702394664215037,0.046264491840174074,-1.1114530478929512,-0.10714677059106156
95,0.04281981871658094,-0.591678937130289,-0.15305546026010586,-0.1670511824379079,0.046251399109410174,-0.8319863454693,-0.10714535814682402
96,0.04839577317415323,0.5047077834305891,-0.15346057894972392,-0.1673082465329022,0.04625325209727038,0.8223576836226911,-0.10714677059106156
97,0.042810949000310634,-0.5932616822854072,-0.15305565478279692,-0.16738651899254228,0.046250208529061206,1.1078278820672705,-0.10714677059106156
98,0.04281438400878093,-0.5927570331633939,-0.15305545543038715,-0.1670349866049018,0.04626013550890059,-1.021062858805785,-0.10714535814682402
99,0.047463311906155825,0.24784166366139546,-0.15331650394024615,-0.16731141020910126,0.0462503444932596,0.8331610260330871,-0.10714535814682402
100,0.0428226659012111,-0.5949824897476251,-0.15305619800407178,-0.16711285117843858,0.04626200386937575,-0.537765331513565,-0.10714459988728597
101,0.04924465852206517,0.7556681149830955,-0.1538889033848845,-0.16704210589239624,0.04626868744654424,-0.980518158955993,-0.10714337329097441
102,0.04280641358861612,-0.5918565077725797,-0.1530545653446323,-0.1671710730482798,0.04624957184328233,-0.17107141172054063,-0.10714459988728597
103,0.04556328061401444,-0.24619411337140937,-0.15257974297377686,5.998896193207033,0.03224122236107635,-1.9240468822407168,-0.10714535814682402
104,0.04281077428838637,-0.6010023985958068,-0.15305664261438742,-0.16720718797433423,0.04625590032320457,0.17690612796467217,-0.10714535814682402
105,0.05233767672624792,1.6699363576598387,-0.1554376999126589,-0.16705747730635376,0.04625668586020219,-0.877808165259945,-0.10714535814682402
106,0.0444080679972201,-1.8770117561881028,6.5157139871605745,-0.16708823898542016,0.03680608621247467,-0.4449078796539775,-0.10714535814682402
107,0.042806093931871056,-0.59098899155927,-0.15305376986884778,-0.16717227051768402,0.046247179531782034,-0.05980872210709391,-0.10714677059106156
108,0.04746172811311317,0.24400826528545247,-0.15319768810633674,-0.16745579704965904,0.04624931589102875,1.7135135499989547,-0.10714459988728597
109,0.047804257997871,0.35225358876145896,-0.1534470468044034,-0.16747580353667618,0.04626086234943302,1.7360088693277094,-0.10714459988728597
110,0.042811426293982095,-0.5904049748349635,-0.15305463861682117,-0.16715901333968858,0.046250740127525676,-0.2755998474460987,-0.10714677059106156
111,0.04689020646342521,0.07787753008153683,-0.15308704087767583,-0.16745435425807398,0.04625953836833102,1.5778642417682023,-0.10714459988728597
112,0.04281775609378285,-0.5923220681719631,-0.15305453702239163,-0.16705840274084177,0.046250561757421246,-0.8180075907564276,-0.10714677059106156
113,0.042813455392265796,-0.5951384484663138,-0.15305618495658777,-0.1671114182055943,0.04624443339975471,-0.4552033827694423,-0.10714677059106156
114,0.04281523770604355,-0.5922674386393967,-0.1530547554527432,-0.16743227549078485,0.04626413021759878,1.4318178919658402,-0.10714459988728597
115,0.0488588590450671,0.637336997102592,-0.15388152787778914,-0.16747736766440657,0.04625920616622388,1.7269722069963753,-0.10714535814682402
116,0.048195235377527866,0.4421129862663019,-0.15346691166466878,-0.16702387044378303,0.0462650941358691,-1.1315530930498467,-0.10714337329097441
117,0.04280752196885283,-0.5913193032614056,-0.15305522437348326,-0.16733907583882168,0.04625716391971499,0.8691196137517745,-0.10714337329097441
118,0.042829707342540206,-0.5917208255538471,-0.15305499915081944,-0.16709094158941243,0.04625577631996617,-0.696417157570862,-0.10714677059106156
119,0.04748035686633147,0.24476587063193367,-0.15332322335248055,-0.1673301265910272,0.04625538040468428,0.9895407182092866,-0.10714677059106156
120,0.05313089362829535,2.0262913155975926,-0.15580139801220716,-0.16702492981812445,0.04626068892501462,-1.12639281703684,-0.10714535814682402
121,0.042814784850896,-0.5920347430746515,-0.15305646831825673,-0.16702261984604527,0.04626733596637144,-1.1291438302306929,-0.10714337329097441
122,0.04280789070612664,-0.5915384419312941,-0.15305541576852832,-0.1671260759570392,0.04625446792762147,-0.4515912560037006,-0.10714535814682402
123,0.046319319077079556,-0.0793576507829825,-0.15279469534878434,-0.167290241014779,0.046250281318392907,0.7101372601105338,-0.10714459988728597
124,0.050081839575414774,0.9988006258005946,-0.15421627113361785,-0.1670539392378993,0.046258302501149484,-0.9306407949776255,-0.10714337329097441
125,0.0528722486380312,1.8095451551444337,-0.1556601968607756,-0.16703940450084803,0.04626319883303235,-0.9715581908437942,-0.10714677059106156
126,0.042816428880930825,-0.5920084880993352,-0.1530546350099689,-0.16719703490425777,0.04624896429438453,0.042185727675016306,-0.10714459988728597
127,0.04280239356002077,-0.5938508419954027,-0.15305540575004925,-0.16733308961421242,0.04625328091114504,0.8477547396287554,-0.10714337329097441
128,0.04717781653193207,0.16064647399840226,-0.15320077729566797,-0.1673377376624131,0.0462498591574513,0.9976754289428217,-0.10714677059106156
129,0.044968858354774516,-0.4493525829411564,-0.15236318335629634,-0.1671937369733037,0.04625143474238128,0.05201737338333045,-0.10714337329097441
130,0.04281455162213337,-0.5915497046167479,-0.15305547428788016,-0.16702268236064066,0.0462686709013884,-1.1252827953025644,-0.10714535814682402
131,0.04281542375902145,-0.5939063230025158,-0.1530552951858098,-0.16718618180078104,0.0462573227693465,-0.05437549832702528,-0.10714337329097441
132,0.04280594434540574,-0.5940161764319352,-0.15305542805979988,-0.16740764533839206,0.04625551573148975,1.3091307768289453,-0.10714337329097441
133,0.05334257787383658,1.939591914299002,-0.15589933306157452,-0.16705241064936982,0.04626575876836232,-0.9242061836875897,-0.10714535814682402
134,0.0477555269049529,0.33717708043760486,-0.15344137378114533,-0.1673583036256162,0.04625084295653976,1.1431931292956485,-0.10714535814682402
135,0.04280830932094215,-0.5902195612565697,-0.15305448110699418,-0.16729161939391227,0.04625665550215539,0.8102448723346836,-0.10714677059106156
136,0.04280819891414562,-0.5911385733960979,-0.15305426199969666,-0.1674597621256742,0.04625059081333073,1.562692566487679,-0.10714677059106156
137,0.0543908754978826,2.3057084404810584,-0.15616356018846314,-0.1671387469772231,0.046252955076843294,-0.25814857890110776,-0.10714337329097441
138,0.04281183114747223,-0.5939749688525229,-0.15305612339102742,-0.16711483542015124,0.04625252388006043,-0.463466302258149,-0.10714535814682402
139,0.04280865300024907,-0.5922293297081241,-0.15305433482014288,-0.16731008864051378,0.04625225684464222,0.6724492313137616,-0.10714459988728597
140,0.045914989271346504,-0.18818448821429945,-0.15271945519067212,-0.16733249051446936,0.046257400306606654,1.0103634457513058,-0.10714459988728597
141,0.0428085290863531,-0.593829166289076,-0.15305392638312207,-0.16731388324681623,0.046249370405876004,0.8193073876343046,-0.10714337329097441
142,0.04281006790199226,-0.5951475493707925,-0.15305601226833454,-0.16702702368530978,0.04625891420114058,-1.088146596020929,-0.10714535814682402
143,0.047154848664381896,0.1561454385351652,-0.1531945427694682,-0.16742521851682748,0.04626282145881114,1.4286077302743234,-0.10714459988728597
144,0.049272949891645434,0.7425803337472038,-0.1540566492379263,-0.16702589661324868,0.04625659951923987,-1.087468688092566,-0.10714337329097441
145,0.04503816926336199,-0.44421765320221307,-0.1523991942264768,-0.16720670744098007,0.046259023378763975,0.06314884377590213,-0.10714459988728597
146,0.04925208033091445,0.7560692182760053,-0.15405132494431845,-0.16743134677943372,0.04627025388151967,1.4469202917922601,-0.10714535814682402
147,0.0428143115191866,-0.5916685188416346,-0.1530542105883637,-0.167287211452309,0.04625424964026757,0.7288551115064643,-0.10714337329097441
148,0.04424982034488918,-1.7470789580152808,6.5157125582489375,5.998885444972826,0.024897898203590587,-1.9180078749873888,-0.10714535814682402
149,0.04281555386807367,-0.5918845815333369,-0.15305511166630467,-0.16703985027594676,0.046268822034146895,-1.0262568653848572,-0.10714337329097441
150,0.04633565486079365,-0.06092490508798422,-0.15279712662623848,-0.1672438636743242,0.04624328275080693,0.29906710517929835,-0.10714535814682402
151,0.04485526443151014,-2.308928950298902,6.515713678114187,5.998882453276609,0.02357642998919387,-1.118224864188472,-0.10714535814682402
152,0.04634351592952133,-0.06339978976344236,-0.15288029044292673,-0.1673989105043714,0.046255263083942004,1.2881825631272361,-0.10714535814682402
153,0.04281635338458561,-0.5922920551395192,-0.15305488624539348,-0.1674276507587918,0.04625402293697035,1.5767330781160598,-0.10714459988728597
154,0.04716428662916308,0.16229412591245232,-0.15308246551033802,-0.1674832261520547,0.046256040950951115,1.8714940091452639,-0.10714337329097441
155,0.049695020210302476,0.871594584851883,-0.15421797150369382,-0.16745010981532044,0.04626427724542551,1.5840123517539242,-0.10714535814682402
156,0.04281204494302771,-0.5907882871670496,-0.15305535973232132,-0.1674599855334187,0.04625587773525508,1.730226456243178,-0.10714535814682402
157,0.04589797969769607,-0.1878781343755313,-0.15271641487772358,-0.16722711928647988,0.046256825615672084,0.17734306889720808,-0.10714535814682402
158,0.042814765644360944,-0.5911342685754709,-0.15305525172254297,-0.1670523408594631,0.04627098455495435,-0.929596384089237,-0.10714459988728597
159,0.048458825902314914,0.6333580223060126,-0.1537302797080574,-0.1674279689471994,0.04626044977501284,1.4080907914641774,11.752049405871956
160,0.04810597133196259,0.43828147777993015,-0.15344224389819758,-0.1673557950033838,0.04626259553658302,1.1306071260666037,-0.10714535814682402
161,0.042812760630917546,-0.5959487031628201,-0.153054951091434,-0.16702584705280205,0.04626007463127269,-1.1130369002352485,-0.10714677059106156
162,0.0448624452714774,-2.2991545503346997,6.515715883490545,-0.16720691661143702,0.04625344111096296,0.055408618904152336,-0.10714535814682402
163,0.04611493112822084,-0.13248053467216955,-0.15279053801650572,-0.16735410036586687,0.04626585753541337,1.1482398552718058,-0.10714459988728597
164,0.04280556744442808,-0.5955770628800428,-0.15305411676067773,-0.16717682338509596,0.04624560365348048,-0.169151923515617,-0.10714535814682402
165,0.04280861474458514,-0.5999582644655632,-0.1530555047766357,-0.16703586688897937,0.04626770182650417,-1.0232861840617633,-0.10714535814682402
166,0.04281080507959054,-0.5921745163463376,-0.15305436224631203,-0.16745298725464608,0.04626149596178807,1.7301034844316878,-0.10714535814682402
167,0.042812406495883686,-0.5915719711528559,-0.1530543879637375,-0.1671144316279529,0.046253141013258434,-0.4538286132253334,-0.10714677059106156
168,0.050120865142752664,0.998420977958322,-0.15441085067606725,-0.16705329707200253,0.046267046215088765,-0.9314298545076093,-0.10714459988728597
169,0.049282209202088846,0.8738796993411688,-0.15404528316850818,-0.167024040286185,0.04627585687217216,-1.125593306909279,-0.10714535814682402
170,0.05337409449435728,1.9673550444384575,-0.1556718766922239,-0.16713905655600897,0.0462460468947989,-0.3639011287227521,-0.10714337329097441
171,0.04281399540059004,-0.5919930126772603,-0.1530549943165731,-0.1673377944592608,0.046251066881476,1.0044262575421004,-0.10714677059106156
172,0.044996605068881146,-0.44703977382237714,-0.15237612625268718,-0.16723008619535276,0.046254979342239315,0.16243165388670017,-0.10714459988728597
173,0.042817897155496866,-0.5943456241916806,-0.15305626373689118,-0.1673847247462548,0.04625671470151665,1.2781654173921813,-0.10714459988728597
174,0.04571417430724922,-0.2379823195984046,-0.1526447742604021,-0.1671142269595362,0.046253880978819044,-0.552891078500151,-0.10714535814682402
175,0.042808858607351646,-0.5948530174658094,-0.15305491779018998,-0.16734224429478176,0.04625714577885397,0.8299620569857689,-0.10714337329097441
176,0.045385356056334994,-0.3386685402129192,-0.15252079583083386,-0.1672634523135885,0.046254179512262274,0.437215580638681,-0.10714337329097441
177,0.04280843800127191,-0.588360417530575,-0.15305544048297778,-0.1672439158975164,0.04624439110218811,0.3038240101551232,-0.10714535814682402
178,0.050091731780229846,0.9763211223277493,-0.15421989576186998,-0.16706073812084388,0.04626492037193722,-0.8234100523141019,-0.10714459988728597
179,0.04571653657529795,-0.23781845778470265,-0.1526463989251804,-0.16726329282974994,0.04625628212827217,0.5722426789480675,-0.10714337329097441
180,0.04740948158356701,0.3221317335783984,-0.15331480982555662,-0.167352640260665,0.04625178392356137,1.0544283753188635,-0.10714535814682402
181,0.047170638293668486,0.15891997742332326,-0.15320524226813462,-0.167222863552256,0.04625086475592883,0.3059971661987322,-0.10714535814682402
182,0.042815510228781405,-0.5902011918095522,-0.15305527277007588,-0.167406394763652,0.04626273276390504,1.3206003155761226,-0.10714535814682402
183,0.04281058755151063,-0.5950126126657115,-0.15305504679500492,-0.1670292050484696,0.046254502934439896,-1.09028491007518,-0.10714337329097441
184,0.042813229072490466,-0.6008011117683765,-0.15305504608434825,-0.1670620595244517,0.04625852911441029,-0.8767470313748034,-0.10714677059106156
185,0.045917547472925244,-0.18925020744580306,-0.15264227937152233,-0.1673579362137736,0.046259182486224217,0.9902978950548738,-0.10714337329097441
186,0.042807381325467124,-0.5956639483167622,-0.1530543192911705,-0.16740768130418707,0.04624963946767789,1.415634814893783,-0.10714337329097441
187,0.04505741510467832,-0.4430719184031296,-0.1523758023260233,-0.16722349163891323,0.046261473106778195,0.3047822242320457,-0.10714337329097441
188,0.04280473260587198,-0.5919181653771292,-0.15305452883524182,-0.16736177298773872,0.04624989761365276,1.1387596967352793,-0.10714459988728597
189,0.05633386617145416,3.78259625139758,-0.1534578854059798,-0.16743351128108153,0.04624964113367056,1.5663769870917454,-0.10714337329097441
190,0.045924185149424535,-0.12780343575209932,-0.15271884309488754,-0.16735965514117762,0.046260846720068874,1.1182890603068474,-0.10714459988728597
191,0.04280438855307763,-0.5940315560826052,-0.15305457512944393,-0.16715824694617773,0.046245930192655854,-0.16019085481149,-0.10714677059106156
192,0.050998133520032886,1.2590046041572294,-0.15478323385736453,-0.16705941223136725,0.0462680740173423,-0.8789994798485838,-0.10714459988728597
193,0.042808005764788694,-0.5935650402548082,-0.15305513611511876,-0.16702996570331505,0.04626119247672792,-1.0930929571212342,-0.10714459988728597
194,0.04814634200827091,0.4370176443127139,-0.1534448056507805,-0.16702556286427725,0.04627043514043123,-1.1250968638107566,-0.10714337329097441
195,0.051905252443649,1.5083960915914658,-0.1551827502710366,-0.1670866391851806,0.046257257101930384,-0.6458674992641846,-0.10714337329097441
196,0.05092092904199642,1.2533797741620114,-0.15477949185720719,-0.1670457625748141,0.04626055916212801,-0.9715458662448921,-0.10714535814682402
197,0.05339196712612842,1.9629935305476136,-0.15590992468226936,-0.16709977332229817,0.0462583022506943,-0.5423645578170844,-0.10714337329097441
198,0.045050487356349464,-0.43964185413167733,-0.15240019040696293,-0.16728544266971004,0.04624536134962958,0.5601444376044089,-0.10714337329097441
199,0.042800817061879735,-0.590627044604726,-0.1530550657813424,-0.16705369991971347,0.04626399855079673,-0.9288762863480162,-0.10714535814682402
200,0.04280959455635374,-0.594373969019674,-0.15305540631923853,-0.1674570941534568,0.046257046547570534,1.7162162815378563,-0.10714677059106156
201,0.05395353448146983,2.294540446545472,-0.1561628118157301,-0.16715982335317436,0.04625470210430115,-0.1718260477392157,-0.10714459988728597
202,0.042811854735574056,-0.594457449282387,-0.15305587424583542,-0.16715578397459782,0.04624726949412989,-0.15899002382997388,-0.10714459988728597
203,0.04591598819079142,-0.17791401988414965,-0.1526468255716932,-0.16730799848819328,0.046260691897230484,0.8430192604828083,-0.10714337329097441
204,0.04496914679693714,-0.4541338395456124,-0.15235743323992795,-0.16715553727795532,0.04625216889143822,-0.17090091228889873,-0.10714459988728597
205,0.04281055528927628,-0.5913233644676414,-0.15305571775048665,-0.16703824084229282,0.04625956807296527,-0.9691040571170354,-0.10714535814682402
206,0.050586105194677475,1.136870690254946,-0.15461480088132162,-0.1670591780450536,0.046263641622657344,-0.8211340216492521,-0.10714459988728597
207,0.04609546978757568,-0.12633661586327558,-0.15279319448567982,-0.1673865487867739,0.04625880124312609,1.3035935982937827,-0.10714337329097441
208,0.042810890568909174,-0.5964856898961471,-0.15305416089565202,-0.16722949444603036,0.0462475975024727,0.1753702423697448,-0.10714535814682402
209,0.053369934621326706,1.9766518153220005,-0.15566652147619855,-0.16703936218618898,0.04625821838524438,-0.9747776669244426,-0.10714535814682402
210,0.044967079557966874,-0.4528443306192406,-0.15236108190266837,-0.1671534883366627,0.0462528769544233,-0.15625506937509312,-0.10714337329097441
211,0.05009063648964792,1.0047043518591667,-0.15440262022435136,-0.16702137373724293,0.04626031122166308,-1.1329195808404364,-0.10714535814682402
212,0.04281697531165289,-0.592419310544888,-0.15305459035121782,-0.16721363472282402,0.046248493949480995,0.1736066375622373,-0.10714535814682402
213,0.04526252145301867,-0.38591964465275247,-0.15247322603485616,-0.16726056477627246,0.0462574465638946,0.5636185018474633,-0.10714459988728597
214,0.05237569848878927,1.6689078378011315,-0.15544222354010429,-0.16709796809321195,0.04625227881100906,-0.5409105680292056,-0.10714337329097441
215,0.042814454554075974,-0.5925176608439651,-0.15305497579186583,-0.16703205725517617,0.04626846170364309,-1.0546450812365198,-0.10714677059106156
216,0.04498872478170862,-0.44987376109640886,-0.1523623125086948,-0.1672261162501992,0.046257065956344386,0.16290220793306598,-0.10714459988728597
217,0.04281095907010035,-0.5944846595599192,-0.1530540126457288,-0.16703416665063078,0.046262425122445515,-1.0600140273077365,-0.10714535814682402
218,0.04280353781602643,-0.5915478266281015,-0.1530539916731609,-0.16720532948314035,0.04625475002014606,0.16105169326247065,-0.10714535814682402
219,0.0428111814961977,-0.5939672809604389,-0.15305519308904997,-0.16702281472594496,0.04627436080687701,-1.1345984770680708,-0.10714459988728597
220,0.04280708429927265,-0.5936500402174182,-0.15305596162207533,-0.16703225279916212,0.04626325211612136,-1.0617201168517891,-0.10714337329097441
221,0.044994691308931606,-0.4529325241078187,-0.15237517210642093,-0.16717258494934617,0.04625870808743125,-0.17157812850164264,-0.10714459988728597
222,0.042803802767627026,-0.59350459158696,-0.15305495324445476,-0.16720563127062524,0.0462505503175262,0.14781745704427848,-0.10714535814682402
223,0.04281775404501194,-0.5952515937636552,-0.1530551456030164,-0.1670436172205044,0.04625898641207753,-0.9801177397358927,-0.10714459988728597
224,0.042814418585447364,-0.5911662486037714,-0.15305572149526242,-0.16703207982434484,0.04626573131503433,-1.0908059141918427,-0.10714535814682402
225,0.05051271557086576,1.2343073897431986,-0.15458994133196838,-0.167424671409685,0.04625970331673493,1.5446064910033728,-0.10714535814682402
226,0.04281559660831959,-0.5937040363644107,-0.15305475663900292,-0.1671552222231365,0.04625252081255442,-0.2674092631894702,-0.10714337329097441
227,0.04282001747699432,-0.5934311176013225,-0.15305730395966582,-0.16710110034995404,0.04624701162851986,-0.5443387746824988,-0.10714459988728597
228,0.04281650439340122,-0.5916997420683882,-0.15305652996103497,-0.1670230749188897,0.046273479793909146,-1.1224713030215976,-0.10714677059106156
229,0.05293043162703621,1.8117354366352705,-0.15570412413146398,-0.1670463581231035,0.04625712989570116,-0.9237544154152568,-0.10714535814682402
230,0.042815744648168994,-0.5907352209604262,-0.1530556729721112,-0.16705378581771196,0.046262029308544964,-0.925308463589784,-0.10714677059106156
231,0.047474641954031824,0.24493134697579413,-0.15331973633809526,-0.16702461171509797,0.046259401455496924,-1.1116267665914943,-0.10714337329097441
232,0.047810124713524985,0.34548622726567824,-0.15345529315372997,-0.16730923452080138,0.046240344465543363,0.7024224353297742,-0.10714535814682402
233,0.04709877076765413,0.21412400372064,-0.1531788986585628,-0.1674270096660532,0.046257697326163576,1.44386482695214,-0.10714459988728597
234,0.04281096183262702,-0.594418970663804,-0.15305430358827363,-0.16704117704237884,0.04625425262749878,-0.9833591468547627,-0.10714459988728597
235,0.052339020570532795,1.6680200169695707,-0.15543485961887382,-0.16712656471993023,0.046252505266039606,-0.45439404861008353,-0.10714337329097441
236,0.04539325701066519,-0.3358323971338569,-0.15247461555103778,5.998893318017407,0.03515824327650736,-1.9025016762009208,-0.10714535814682402
237,0.04504156129077243,-0.440927957998106,-0.15239816811405135,-0.16722852003906827,0.046259542110797754,0.1769731466576432,-0.10714459988728597
238,0.04799267570926579,0.40565272429783755,-0.15343015426075843,-0.16745382745234327,0.04625155193336682,1.5893132817458702,-0.10714677059106156
239,0.050983988187067404,1.2577751659333143,-0.15460074568119417,-0.1670294213762699,0.046261835927129305,-1.0599526194172793,-0.10714535814682402
240,0.049313187882621116,0.7572042492030696,-0.15404617809514481,-0.16703855943865945,0.046267620188309794,-1.025113054093574,-0.10714459988728597
241,0.042810766171212176,-0.5942097087349167,-0.15305461209516244,-0.16710042742796086,0.046241928803211686,-0.617683628546997,-0.10714677059106156
242,0.042807670166033145,-0.5953955941118995,-0.15305578465469885,-0.16726520511414314,0.046249530079391594,0.4357032331297456,-0.10714337329097441
243,0.04280761059985736,-0.5935954001973408,-0.1530553860511454,-0.1673410905971127,0.04625376732873486,0.811062623924677,-0.10714337329097441
244,0.04924863996790135,0.7574439887829307,-0.15405083004320727,-0.1670405504263243,0.046271071622207595,-1.024131168071169,-0.10714459988728597
245,0.042807743149855706,-0.5907593585981858,-0.15305492503157692,-0.16733542042266536,0.04626008305299643,0.854283161319744,-0.10714337329097441
246,0.04280941576882537,-0.5950833129180164,-0.15305401233919338,-0.16729018350223007,0.04625414039574251,0.5499806134216302,-0.10714535814682402
247,0.04281401683261508,-0.597347979233873,-0.1530555947209386,-0.1670462698779803,0.04626279924790693,-0.9333286535360684,-0.10714337329097441
248,0.0477877576591055,0.34247510087837374,-0.15332366688251084,-0.16702526737310658,0.0462660213101576,-1.1283780658142344,-0.10714337329097441
249,0.04280957279584579,-0.5913128383338638,-0.15305502249062944,-0.1671390078305218,0.0462493612878593,-0.2707343761773101,-0.10714337329097441
250,0.042813981366141465,-0.5924818011496173,-0.15305491673309052,-0.16734369628054135,0.04624907827412899,0.8348159733541,-0.10714677059106156
251,0.04281631738301936,-0.5934013467446164,-0.15305523488916517,-0.16702612574818626,0.04626986694398374,-1.1263072178634443,-0.10714535814682402
252,0.04280984601520948,-0.5941937669086151,-0.15305595782667192,-0.1672620771219642,0.04624828198188995,0.424723196637156,-0.10714535814682402
253,0.042808292790436464,-0.5932546326952669,-0.15305322001384902,-0.16716028365271754,0.046240374823822435,-0.17414680644895522,-0.10714535814682402
254,0.048128709450799584,0.42256054684541383,-0.1534451160671628,-0.1673618935736721,0.0462615253254302,1.1120341730490009,-0.10714535814682402
255,0.04496876759091058,-0.4486145872982266,-0.15236351529256906,-0.16714007563168864,0.04625041874559557,-0.3665293692716304,-0.10714459988728597
256,0.04281697524011237,-0.5959324087475351,-0.15305484622426935,-0.16740969871641018,0.046258895219669235,1.3714851874954432,-0.10714677059106156
257,0.04281117313593822,-0.590966395220137,-0.15305520835268133,-0.16717189505045443,0.04626041975391808,-0.15596172843163975,-0.10714337329097441
258,0.04876861514577897,0.6114397929304979,-0.15369754621792983,-0.1670233524572511,0.04627721469813112,-1.1259579092841265,-0.10714337329097441
259,0.04328276493064115,-0.8974916072532348,6.51570198700306,5.998881823872571,0.023775104767056528,-1.6160426112783886,-0.10714535814682402
260,0.045057708349357545,-0.41782946265125026,-0.15240070661227817,-0.1672083308347841,0.046255384060866794,0.056864218569671776,-0.10714337329097441
261,0.04888899245537153,0.6490528368841206,-0.15389336433621081,-0.16704214034043205,0.0462700644379566,-0.9866910102109775,-0.10714337329097441
262,0.052844360159219096,1.8038366676384907,-0.15565168438653573,-0.16708531936171514,0.0462587945094077,-0.6901630458764884,-0.10714459988728597
263,0.04281991002766004,-0.5933841567889884,-0.15305502824134865,-0.16708862402114713,0.046248054431380886,-0.6989493630887483,-0.10714337329097441
264,0.04281100303311685,-0.5910335254639049,-0.15305509559420638,-0.1670289184972481,0.04626380569579789,-1.0844888145360596,-0.10714535814682402
265,0.04280448775204712,-0.5935474083840947,-0.1530533709441052,-0.167312870281045,0.04624520915973893,0.6896718046983878,-0.10714535814682402
266,0.04688339289242456,0.06808308012810377,-0.1530840670485269,5.9988924802207615,0.033395142497605744,-1.9208981896075437,-0.10714337329097441
267,0.04280555637586271,-0.5915714628699352,-0.15305465981585756,-0.16729439553847292,0.04624729224356133,0.547810660661123,-0.10714677059106156
268,0.04888530484943543,0.7619075390783829,-0.15388802706457552,-0.1674491685488062,0.046264307918051834,1.5940790539760687,-0.10714535814682402
269,0.04610888590875251,-0.12135479739132488,-0.15272043085559148,-0.16719325827280102,0.04625412155809455,0.040568232406943815,-0.10714535814682402
270,0.04280647761926243,-0.5916186995396775,-0.1530553884926709,-0.16722484953394143,0.046255512209454064,0.15472199375282236,-0.10714535814682402
271,0.05009334098692596,0.99802992833068,-0.15439208447562378,-0.16705311992266397,0.04626326817701128,-0.9251385706611769,-0.10714337329097441
272,0.05187183688778376,1.5313771110041947,-0.15520076056137688,-0.16703891598677054,0.04625894389464254,-1.0172588005281533,-0.10714677059106156
273,0.045544140242412864,-0.29756987399967255,-0.1525201772864189,-0.16721618585546602,0.04625535559541014,0.23743365870927027,-0.10714337329097441
274,0.04613119610854547,-0.12058774151168745,-0.1527961981896897,-0.1673862022767937,0.04625686365551686,1.2857505267131635,-0.10714337329097441
275,0.04281579853963857,-0.5930353500032688,-0.1530548512006081,-0.16703575793555717,0.046261897178060105,-1.0235721187298856,-0.10714459988728597
276,0.04612158253450209,-0.13910733936119896,-0.15279716032224006,-0.16722861563365501,0.04624812456018766,0.17076733556095125,-0.10714535814682402
277,0.049897393791618075,0.9270787996615282,-0.15416718246517,-0.16704789291328465,0.04626437345202772,-0.98035521006971,-0.10714337329097441
278,0.04281294020781687,-0.5941871487533298,-0.15305533799175997,-0.16738777599168161,0.04625477267874943,1.1511630176076133,-0.10714459988728597
279,0.04924168265998534,0.7704049486232264,-0.15405510625438235,-0.16733594502847582,0.046254066462811244,0.984683471421868,-0.10714535814682402
280,0.04280174213326544,-0.594887233678799,-0.1530542138164335,-0.16717700705547736,0.04624278275128102,-0.056333790251187836,-0.10714677059106156
281,0.047451349717556296,0.23703036449485762,-0.15331727625040398,-0.16734056258896293,0.04625411081787174,0.8360730366731772,-0.10714677059106156
282,0.042807788874973725,-0.5910176193005768,-0.15305513991971706,-0.1674097671431605,0.04625272851943038,1.4683027170021148,-0.10714459988728597
283,0.04745981844014079,0.24534028943732136,-0.15331533256435673,-0.16730962729720095,0.046250651576655595,0.702646758022427,-0.10714535814682402
284,0.04281747233913328,-0.5921457874144072,-0.1530556889956396,-0.16712569987736742,0.04626059137215485,-0.44746033502160515,-0.10714337329097441
285,0.04747760878719257,0.23963298747491638,-0.15332158410586297,-0.16731338004371582,0.04625077502780389,0.8176779863244978,-0.10714677059106156
286,0.045560510395015276,-0.2932523888442276,-0.15258067942137213,-0.1672626973623069,0.04624912902778123,0.5591128635048924,-0.10714459988728597
287,0.042816302779100465,-0.5915071918050239,-0.15305598189308667,-0.16702527009652737,0.04628338626371575,-1.134141446380332,-0.10714535814682402
288,0.042827036610466135,-0.5921961378148511,-0.1530566313688134,-0.1671558474247011,0.046254612935316006,-0.26864082536258815,-0.10714337329097441
289,0.0428169785287576,-0.5947440445480477,-0.15305517106423128,-0.1672062029619971,0.046251769586579485,0.062493407540819904,-0.10714677059106156
290,0.0538580850048792,2.090168930006326,-0.1561539254324226,-0.16715926271137804,0.046251968314332266,-0.27035912122584754,-0.10714459988728597
291,0.04281956079864237,-0.5900566707333567,-0.15305442366542893,-0.16707936370872553,0.04625155707023507,-0.7012044128852133,-0.10714337329097441
292,0.054056813521370005,2.2915631227651194,-0.1563234049200074,-0.1670455266091676,0.04625665844028088,-0.9743312149210045,-0.10714677059106156
293,0.04280959733652417,-0.5906848041756443,-0.15305514180701318,-0.16730975632382253,0.04624914762417948,0.6856036662813186,-0.10714337329097441
294,0.0455531051487093,-0.18942479039342267,-0.15258330076140803,-0.16731311905298427,0.04625236922730428,0.8410677182756721,-0.10714337329097441
295,0.04282193972005183,-0.5969975882098018,-0.153055952939067,-0.16702464115774862,0.04626205056337123,-1.1132043772967732,-0.10714535814682402
296,0.04885649351806414,0.6509308507342176,-0.15372771211229422,-0.16702611098918335,0.0462697062504229,-1.112686944893877,-0.10714459988728597
297,0.042810032799920725,-0.591801429424828,-0.153055845373421,-0.1672508386220785,0.046247507988815204,0.2847193811813577,-0.10714677059106156
298,0.048503816221388454,0.6432981560650691,-0.1537449703386742,-0.16745714319410268,0.046251191361897925,1.565031915971937,-0.10714535814682402
299,0.04280565833172962,-0.5918440695860093,-0.15305526157915664,-0.16706930001943576,0.04625107352499113,-0.8269029905366124,-0.10714677059106156
300,0.04661066270063873,0.0003781839397004841,-0.15297862025237627,-0.1673371003495984,0.046250415248461144,0.8324396961401443,-0.10714459988728597
301,0.050109134832574016,0.9845682133471744,-0.15439999637059437,-0.16702301561574717,0.04626787067018778,-1.1355202877451098,-0.10714535814682402
302,0.04281226443273648,-0.5952930562793304,-0.15305550283681146,-0.1670269399772428,0.0462571795658708,-1.0910211200319313,-0.10714677059106156
303,0.049727423536139716,0.8621316356257229,-0.1542147654926996,-0.16741334986935075,0.04626092889445149,1.4277627711725607,-0.10714535814682402
304,0.04808846632036415,0.5066625544445659,-0.15356256057744153,-0.1670245176277566,0.04626468277858439,-1.1263194839684587,-0.10714459988728597
305,0.04280469316700256,-0.5920297380327133,-0.15305453245382883,-0.1672304882793515,0.046250774133390245,0.29156496978944735,-0.10714677059106156
306,0.04717649883076922,0.17304360588901432,-0.15320641765667442,-0.16733758071061255,0.046252695648650144,1.0608011032881355,-0.10714677059106156
307,0.04280879727250252,-0.5932693294797163,-0.15305460147123362,-0.1673649838635363,0.04625068985794308,0.9858215159444604,-0.10714677059106156
308,0.04280959117051563,-0.5924986251363976,-0.15305466504635837,-0.16712720173629805,0.046256289875921716,-0.3749537282921979,-0.10714535814682402
309,0.042811501023672996,-0.5950858717750773,-0.15305472832056166,-0.1673180555455984,0.04700541642418719,0.8215766291384774,3.8123042898432016
310,0.05140944724239178,1.3812318096748801,-0.1549776603379913,-0.1670249873488114,0.04627236824647887,-1.1130015925374475,-0.10714535814682402
311,0.046111819005546104,-0.1394174184156095,-0.15279007927432775,-0.16736266120960158,0.04625137614633239,0.9839913428431052,-0.10714459988728597
312,0.042814373274772825,-0.595517694476305,-0.15305445527361303,-0.1671014587026047,0.046253901232662015,-0.5424408977911801,-0.10714459988728597
313,0.04779646148977011,0.33569811700219915,-0.15344303777632515,-0.16702612059985783,0.04626951958274443,-1.1121258560401281,-0.10714459988728597
314,0.0428133443642197,-0.5942185143470621,-0.15305593820201036,-0.16704878565206344,0.046264191511004346,-0.9330815384750434,-0.10714459988728597
315,0.04885972989313258,0.6487775588698407,-0.15388137840959082,-0.16742919274036178,0.046255901372423414,1.4305833025456394,-0.10714535814682402
316,0.042808551987794825,-0.5921205096278641,-0.1530556774317725,-0.1670786155289924,0.04625052523164925,-0.7584697589037891,-0.10714677059106156
317,0.053366690748448485,1.96570988935095,-0.1559176769246171,-0.16712435078211246,0.04625793694272364,-0.46221997229762884,-0.10714459988728597
318,0.04282865423165885,-0.5941702294072287,-0.1530562371378224,-0.16711421481468147,0.04625430116398748,-0.546570809448214,-0.10714676315714453
319,0.042808195496567725,-0.5907064757426876,-0.1530558521296431,-0.16720709029356415,0.04624541519456376,0.05218687571991332,-0.10714459988728597
320,0.05052286971727736,1.1148810066956054,-0.15458647991169505,-0.16705399976512628,0.046256926257442085,-0.9322800962788795,-0.10714459988728597
321,0.04281142634880507,-0.5923745943326855,-0.15305567652335827,-0.1671798319847168,0.04625271412501729,-0.17157737334525142,-0.10714459988728597
322,0.04281260657614269,-0.5953410570361076,-0.15305612381963193,-0.16712702174295638,0.04625213426283294,-0.3674565902443824,-0.10714459988728597
323,0.04280988345300931,-0.5933452641464593,-0.15305434773242244,-0.16705811601068263,0.046253466403665566,-0.8777336083015596,-0.10714535814682402
324,0.04525546251097993,-0.38843467181344216,-0.15247159165809607,-0.16729269758451437,0.046248955999074234,0.5723026975630235,-0.10714535814682402
325,0.04924825904485307,0.7532505038957324,-0.15404892088288102,-0.16745684603989078,0.046253492844249885,1.5686642330458023,-0.10714677059106156
326,0.04282813557395158,-0.5920581428526477,-0.15305659894431886,-0.16706022539798787,0.04625481147662016,-0.8807370728791403,-0.10714677059106156
327,0.04281082883883456,-0.5912978592729137,-0.15305589021419813,-0.16702207917347625,0.04626295582405921,-1.1371458748334065,-0.10714677059106156
328,0.04717224118476864,0.1582623462383947,-0.15308628067979393,-0.1672863032575204,0.046247595531285914,0.7006448848705488,-0.10714535814682402
329,0.052329629276772906,1.6810507338472644,-0.15543272292356705,-0.1670532141666532,0.046268511820304774,-0.9275129332320753,-0.10714677059106156
330,0.044958602713842236,-0.44912400713253714,-0.15236192063399198,-0.16719440525418436,0.0462512912092224,0.05487476798341032,-0.10714337329097441
331,0.04280709688694917,-0.5911922239250716,-0.1530553007222262,-0.16747839146231147,0.04625217350335192,1.6876304225068632,-0.10714677059106156
332,0.04718217893547895,0.16230527016285767,-0.15319780056183427,-0.16745839452931588,0.04625764854378317,1.5771392660904389,-0.10714337329097441
333,0.04280571948681922,-0.5946503200795581,-0.1530541166881741,-0.16708034258901305,0.04624233239444243,-0.7629207427460303,-0.10714677059106156
334,0.04555911134486117,-0.24040588246401293,-0.15258059397926255,-0.1672864211285171,0.04625136243595136,0.5652133395865683,-0.10714337329097441
335,0.04280832875343255,-0.5940824650746671,-0.153055150539263,-0.1674099283703574,0.04625672843054417,1.287025863777695,-0.10714677059106156
336,0.042826929914033786,-0.5920309712600375,-0.15305697956564412,-0.16711603804638925,0.04625558489584728,-0.46021169669240036,-0.10714459988728597
337,0.05004586613144783,0.9946331526213651,-0.15440210673289687,-0.16702513616121697,0.04626701594818735,-1.12632716484425,-0.10714535814682402
338,0.04540177441015489,-0.34346856822821104,-0.15252284164704655,-0.16727068813244883,0.046246329707009634,0.5595031264586381,-0.10714459988728597
339,0.04972393806696065,0.876173787854349,-0.15424291305027904,-0.16702274646530504,0.04626391224128156,-1.135445968706377,-0.10714535814682402
340,0.04410399721490632,-1.6252459399029382,6.515705924659769,5.998886082326206,0.024837570967579103,-1.9064274231580727,-0.10714535814682402
341,0.04688597423955469,0.06861777705826794,-0.15308445730715997,-0.1673062159000101,0.04624285452101237,0.7105945653185627,-0.10714535814682402
342,0.04884890484352785,0.650639261788291,-0.1538856982422531,-0.1674344235163222,0.04625950931120461,1.4317947590961988,-0.10714535814682402
343,0.04281195124815571,-0.5924530403280235,-0.15305397355808853,-0.1671287045827038,0.046261156936698154,-0.36609339590898027,-0.10714677059106156
344,0.04280471220773993,-0.5915938809519602,-0.15305416089565202,-0.1671703810721462,0.04625608209648143,-0.05465732800301533,-0.10714337329097441
345,0.044402716249940334,-1.8923356061063938,6.5157129331362755,5.99888276911196,0.0235488899725123,-1.0399529516587929,-0.10714535814682402
346,0.04282063859267441,-0.5936079361506951,-0.15305485098890587,-0.16745560343642416,0.046255066229301964,1.5771833341341814,-0.10714677059106156
347,0.04281110513634566,-0.5898046841393929,-0.1530552174720858,-0.16720534315206673,0.046259219122318056,0.06171787364918331,-0.10714337329097441
348,0.04280622778752738,-0.5918215218485078,-0.15305407477818253,-0.1674261273226445,0.04625716395726969,1.5744425233854042,-0.10714337329097441
349,0.04280832519955489,-0.5919273197457322,-0.1530554755060279,-0.1674539073286424,0.04625963349839236,1.722972143577234,-0.10714677059106156
350,0.05282803159037967,1.8218272922595364,-0.15565546347157655,-0.1671112763547432,0.046255709803470296,-0.5434853827971478,-0.10714337329097441
351,0.04810666581832541,0.43243389246605807,-0.15345004680962462,-0.1672931092279208,0.046250424501615886,0.5355522174354119,-0.10714535814682402
352,0.045912815881679725,-0.18745059530294583,-0.1527182796661637,-0.1671881143132722,0.046256992953477565,0.04167780517280275,-0.10714535814682402
353,0.04281275187361617,-0.5908856111845218,-0.1530556578885914,-0.16711303328420138,0.046247786952833554,-0.4619268853843224,-0.10714337329097441
354,0.04810991164524609,0.4397171352969393,-0.1535808940483963,-0.16702603237656086,0.04626952487187279,-1.1262052787656345,-0.10714459988728597
355,0.04281132602856163,-0.5931348229533382,-0.15305537636878647,-0.1670523252036274,0.04625490134846053,-0.9309711295939048,-0.10714459988728597
356,0.0428144740325822,-0.591995024157307,-0.15305558292881882,-0.16728869248911135,0.04625496703982595,0.7089719223846703,-0.10714337329097441
357,0.0459245507016476,-0.1813708551449017,-0.15272283163472455,-0.1670852300916898,0.04626958628079504,-0.7283539122002456,-0.10714337329097441
358,0.05234673292504367,1.667701397795712,-0.1554253090712691,-0.16710910511014915,0.04625262803776838,-0.5363124475630995,-0.10714337329097441
359,0.04281384698638263,-0.5954928240664891,-0.15305534116363517,-0.16705859805662043,0.04626251466075564,-0.8197238887123084,-0.10714337329097441
360,0.05283625439141193,1.8044955210283486,-0.15564594745726387,-0.16705165153201137,0.046262756867713445,-0.8722462295324396,-0.10714676687410304
361,0.05048901259842559,1.121793753027956,-0.15439882343224365,-0.16706083975333186,0.0462692922723074,-0.8819623842608746,3.8101142801850565
362,0.04280615002650673,-0.5924860980824053,-0.15305486820013053,-0.16724245622913894,0.046255021389246045,0.282137106495403,-0.10714535814682402
363,0.04924804132888068,0.8660493871401074,-0.15404513530896072,-0.16703577944013911,0.04626715188137041,-1.0619137418741604,-0.10714459988728597
364,0.05189307283061643,1.5257157457275867,-0.15521640260216965,-0.16708721782231759,0.04624988185786535,-0.7013243068583942,-0.10714459988728597
365,0.047751708450307725,0.3129676895230913,-0.1533199804716832,-0.16702342096759734,0.04625989138981634,-1.1121251762480255,-0.10714459988728597
366,0.04281635530913671,-0.5935964321219226,-0.15305536202790837,-0.16705371111149936,0.0462644663720897,-0.888149360898251,-0.10714535814682402
367,0.04280931067449629,-0.5900875617748615,-0.1530553407446232,-0.1672902557161167,0.046257347920669385,0.6913851819005736,11.750857797290951
368,0.05481133255988195,2.566352478754861,-0.15666213938973161,-0.16704612883791953,0.046262708352553715,-0.9782164066820935,-0.10714535814682402
369,0.04282329250626427,-0.5940458231247043,-0.15305731879571197,-0.16712358038972003,0.0462442215750678,-0.4592201875763395,-0.10714337329097441
370,0.04634731528175942,-0.07709904507920458,-0.1528829949714259,-0.16738747130451562,0.04625709988566344,1.2878854858462656,-0.10714459988728597
371,0.04715902726972603,0.15780597766599222,-0.15319644899679336,-0.1674511680725219,0.04625788928306527,1.5699140291211882,-0.10714459988728597
372,0.04834937019013408,0.6078346541899817,-0.1535831815752971,-0.16735751123642212,0.04626071776626364,1.1632871374964244,-0.10714535814682402
373,0.05392096965656508,2.1256648325993237,-0.15592874541048318,-0.16713919060423021,0.04624501261485321,-0.3667943645621139,-0.10714459988728597
374,0.042808446030944046,-0.5993563444596612,-0.15305676932302775,-0.16726236799380442,0.04625051290131848,0.38046139760299635,-0.10714677059106156
375,0.04282549235548874,-0.5949140294649684,-0.1530560802766407,-0.16714241140679,0.046250167485157576,-0.3691670464071524,-0.10714337329097441
376,0.04281348111909193,-0.5993763832765161,-0.15305741105643456,-0.16704531489236762,0.04626153090083792,-0.979957966429632,-0.10714337329097441
377,0.04281178594399884,-0.5919106309079099,-0.15305533120547665,-0.16707767772268872,0.04625786018005212,-0.7534009275550986,-0.10714677059106156
378,0.04280844243344626,-0.5918679512575391,-0.15305386221151954,-0.1670205783670928,0.04626879247822338,-1.1348824625025316,-0.10714337329097441
379,0.04817790897491249,0.439641266816501,-0.15358523702070156,-0.16703116672825408,0.046266340484662875,-1.0896254311734543,-0.10714337329097441
380,0.04716089050421737,0.15580713533073046,-0.15319603809629925,-0.1673355347269976,0.04625857630384323,0.9806785033248819,-0.10714459988728597
381,0.04634313062642486,-0.07726000375066812,-0.15288081561079003,-0.16737932631420932,0.04626105089107477,1.1585404967591506,-0.10714535814682402
382,0.04661485160355417,0.0015276083395050408,-0.15298265461817084,-0.1673641049065834,0.04626418253191387,1.1538340604252053,-0.10714337329097441
383,0.0428174547867753,-0.5913405954743978,-0.15305472361591912,-0.16712920099240008,0.04625805844967024,-0.458092766074435,-0.10714337329097441
384,0.044957727914850636,-0.4548917807841558,-0.1523622182582208,-0.16704526017590363,0.046258141331236034,-0.9230623741419103,-0.10714677059106156
385,0.05340574043395379,2.135568146308571,-0.1559145318683313,-0.16711519311350506,0.046248601420688075,-0.5399597039611389,-0.10714337329097441
386,0.04885702520401505,0.6324948875939408,-0.15387447744400215,-0.16742787686273614,0.04626068212536941,1.4499445340955397,-0.10714677059106156
387,0.05243174596209904,1.6714759172032172,-0.15543686888115876,-0.167057647885464,0.046259964790782634,-0.8759450459486772,-0.10714677059106156
388,0.046113926880690576,-0.13396031040017517,-0.15271512791406852,-0.1673600611557201,0.046253421885444936,0.996531821151441,-0.10714459988728597
389,0.04280218719431173,-0.5923930823545397,-0.15305355104702417,-0.16703712178831528,0.046264270933818054,-1.0281395358073533,-0.10714337329097441
390,0.04887545159217435,0.6492753812439699,-0.15373568282241956,-0.16743211355869458,0.04625801397976694,1.4388928523422015,-0.10714677059106156
391,0.04281319486521062,-0.5913182354656241,-0.15305528511750277,-0.1672834528565005,0.04624800121801997,0.5681333143394556,-0.10714337329097441
392,0.0543360073566573,2.257572420809845,-0.1561603456624653,-0.16711351401603577,0.046250247547627965,-0.46149909266160616,-0.10714459988728597
393,0.05290051285818631,1.8025553867394128,-0.15568341791147405,-0.1670781631678808,0.04625077889214348,-0.7596434070627482,-0.10714677059106156
394,0.04280923020819055,-0.5919600697792526,-0.1530546660512681,-0.1671561325505704,0.04625197852409818,-0.26663774529572215,-0.10714535814682402
395,0.04282213406101229,-0.5962683671290536,-0.15305634550400557,-0.16730868457758263,0.04625513931077195,0.8610061492835659,-0.10714337329097441
396,0.042808046987330775,-0.5928986699202176,-0.15305547389531515,-0.16707019714426752,0.0462544697921143,-0.8247829292684807,-0.10714677059106156
397,0.05015526188482274,1.1251269998820592,-0.15442530704270963,-0.16705303392919094,0.04626390489365502,-0.9333430471221414,-0.10714337329097441
398,0.04972905047981673,0.9969134411965845,-0.15421795206238784,-0.16702387299439142,0.046269750514750185,-1.125864774558743,-0.10714535814682402
399,0.04280779911774496,-0.5921511818125319,-0.15305525724110347,-0.1672049136451042,0.04624577236881402,0.01284395519675224,-0.10714677059106156
400,0.04281148780236257,-0.5956434604148532,-0.15305490096920704,-0.16743095437191546,0.046254407796308225,1.433565979535557,-0.10714337329097441
401,0.04281098750946413,-0.5938674646575987,-0.1530556283471478,-0.1671562994934347,0.04624858421692155,-0.16941277916238223,-0.10714677059106156
402,0.04281615559383617,-0.5913126008109366,-0.15305584689660207,-0.16744723270057563,0.04625298399104592,1.5464917123208215,-0.10714677059106156
403,0.05136918802819356,1.3913850478762797,-0.1547885077678206,-0.16707768530789277,0.04625086425047787,-0.7646486429526232,-0.10714337329097441
404,0.04281125623993553,-0.5953844529266411,-0.15305593471678847,-0.16702366991460016,0.046264682356970704,-1.1350601742937312,-0.10714535814682402
405,0.04280831084839899,-0.593271000306166,-0.15305399427163424,-0.1670533784722186,0.04626205868699634,-0.9301839722338371,-0.10714337329097441
406,0.042807484741109,-0.5944039729615179,-0.15305525983136123,-0.16741053196038325,0.0462651883365039,1.2716322693556463,-0.10714337329097441
407,0.04281703615883251,-0.5936645205058977,-0.15305596306073996,-0.16712513749134938,0.046257408876462104,-0.3656337127477178,-0.10714337329097441
408,0.044960817102628906,-0.43064948744516585,-0.15237129530774163,-0.16719213719099543,0.046254425419925194,0.060880553754251776,-0.10714337329097441
409,0.042827835925038665,-0.59540405371724,-0.15305690863460808,-0.16712851981134424,0.04625831853655259,-0.3652250921728014,-0.10714459988728597
410,0.05240403447720965,1.6585214655267526,-0.15542771178632633,-0.1670461663685012,0.04626985476840255,-0.9766238551333528,-0.10714535814682402
411,0.04888224718172441,0.7186022394517114,-0.15389156421082847,-0.1670399572582223,0.04626295294291676,-1.0192869980824784,-0.10714459988728597
412,0.04632537801709722,-0.06478351639555095,-0.15279505244320607,-0.16733837432938914,0.04625219195496829,0.7875333186328304,-0.10714535814682402
413,0.050513068808388226,1.116187122608482,-0.15440911770386395,-0.16704710975141437,0.04626807514704859,-0.9785226714701253,-0.10714337329097441
414,0.045562204699604265,-0.306120940803708,-0.15252256109759837,-0.16731333729634704,0.046251005645357716,0.7083189876069741,-0.10714459988728597
415,0.04514049072868417,-0.41523157067054106,-0.15240094711946003,-0.1672416981996292,0.0462510608887531,0.3040969902777545,-0.10714459988728597
416,0.04967431388480672,0.8489406684584971,-0.15422393557428787,-0.16702944087999042,0.04626246746307244,-1.0892458342740872,-0.10714535814682402
417,0.04281159606124145,-0.5957803059736163,-0.15305525462634365,-0.16702219205851712,0.04626073124310873,-1.1293767044276959,-0.10714337329097441
418,0.04281711833489758,-0.5945155862804151,-0.15305530266640482,-0.1670393323592185,0.046265382326050576,-1.0187743722419376,-0.10714677059106156
419,0.04280508086155033,-0.592251842805824,-0.15305465570352095,-0.1673374935744416,0.04626044870995757,0.9938716997607624,-0.10714535814682402
420,0.04281476408960226,-0.592712107161171,-0.15305470968579477,-0.16738141051141284,0.0462563833705641,1.3133730189911823,3.7596196663138985
421,0.042808155317583266,-0.5938037759686813,-0.15305461625668132,-0.16722260581376214,0.04625194956305685,0.1798351761418918,-0.10714337329097441
422,0.051464575073668715,1.5250447954546735,-0.15500326831488528,-0.16707743305124007,0.04625743871361407,-0.7639427448717137,-0.10714337329097441
423,0.046792806346544286,0.1298906595128932,-0.1529598669404063,-0.16717265330961406,0.046238301816299544,-0.17774675729596234,-0.10714535814682402
424,0.04440500912047452,-1.8885464352698784,6.515712463278406,5.998882999528259,0.023476428139510116,-0.8645042986032059,-0.10714535814682402
425,0.047795087616294536,0.340202059330991,-0.1534412857927569,-0.167024003119612,0.04626223194530715,-1.1255151140419681,-0.10714459988728597
426,0.04513975946852717,-0.4210555266169542,-0.15243235252031717,-0.16724534904424695,0.04625442274134261,0.30241502275499893,-0.10714337329097441
427,0.048165131265642994,0.45291158245154234,-0.15359142138743048,-0.16702176721909523,0.046262841491313635,-1.1258694636315376,-0.10714337329097441
428,0.04280847363161224,-0.5927628445836302,-0.1530544994621469,-0.16708824087643628,0.0462504640841967,-0.621882452430898,-0.10714535814682402
429,0.05241005128046611,1.6720152829794122,-0.1552006695062435,-0.16711183652719908,0.046249384689299906,-0.5444825740893839,-0.10714337329097441
430,0.0428084715053901,-0.5921968535123638,-0.15305517431267868,-0.16706664283590592,0.046251931471399686,-0.7632068151425695,-0.10714337329097441
431,0.048116900703933575,0.43104374927894185,-0.1535817650248179,-0.1670242990754942,0.046270569224375606,-1.1265444206691118,-0.10714459988728597
432,0.04280591485635762,-0.5915971961887767,-0.1530548052624139,-0.16711342940875754,0.0462474702995017,-0.5362756903261237,-0.10714677059106156
433,0.04716203330075244,0.15725322652522794,-0.15308254120885847,-0.16745516042848257,0.04625332477816452,1.7178530842510227,-0.10714337329097441
434,0.05097184331362541,1.2449054901996823,-0.15478492171472646,-0.167066722114099,0.046260948993312616,-0.8234496840892525,-0.10714459988728597
435,0.05185963845820511,1.5280252265014955,-0.15521284230547203,-0.16706044041287985,0.046257531118414415,-0.8268659818325647,-0.10714459988728597
436,0.04282124240693328,-0.5921416360617846,-0.1530558226447769,-0.16703482249815005,0.0462609624955431,-1.0157323217410439,-0.10714535814682402
437,0.047836480511444526,0.3481404518498766,-0.15345533949928247,-0.1674083187855143,0.04625629519202861,1.418191593137787,-0.10714535814682402
438,0.042806888616731764,-0.589095739876522,-0.1530553129181507,-0.1670245096192458,0.046271647722055234,-1.1343603767566477,-0.10714677059106156
439,0.04613272049873249,-0.07448949149349914,-0.15280047960252058,-0.16738175169732908,0.04625907461867109,1.1483403174259614,-0.10714459988728597
440,0.048875610501117425,0.6464549277691667,-0.1538887744230788,-0.16743510384916346,0.04625546227655526,1.56656208613669,-0.10714535814682402
441,0.042814412748530484,-0.5913038003059136,-0.15305475927053794,-0.16718975368654077,0.0462440191894903,0.048042198146987236,-0.10714535814682402
442,0.04280767090434813,-0.5891170498071803,-0.15305509988084995,-0.1674758626060315,0.04626733595547142,1.8414222668745044,-0.10714337329097441
443,0.04928297213451222,0.7571595790884457,-0.15389262400729048,-0.16704091391948947,0.04626092693578731,-0.9768699841769759,-0.10714459988728597
444,0.042810871386550424,-0.5967179817807858,-0.1530554678704384,-0.16706878178869528,0.04625457015929007,-0.6544590687575618,-0.10714337329097441
445,0.04281308512454381,-0.5927966585469153,-0.15305481716696617,-0.16703383930819782,0.04625816093502936,-1.0587086915422206,-0.10714535814682402
446,0.04281653590074049,-0.5921140281587213,-0.15305566918950733,-0.1671426219524261,0.04624575857758244,-0.3711474064807758,-0.10714337329097441
447,0.04281136633584382,-0.5914922190539568,-0.15305565587534903,-0.1670658991824003,0.04625552674670588,-0.8206463416185094,-0.10714337329097441
448,0.042815588132019085,-0.5939353393709751,-0.15305495908483338,-0.16705718282058057,0.0462863629150822,-0.8520897484056028,-0.10714459988728597
449,0.04280955315938029,-0.5933282808865822,-0.15305563614803003,-0.16704656211799812,0.046264831674665954,-0.9754052416367546,-0.10714459988728597
450,0.042804695029347216,-0.5912934335923016,-0.1530559374100946,-0.16710264887555393,0.04625842861309096,-0.6250376632837209,-0.10714677059106156
451,0.04504720159368996,-0.4360608520217665,-0.15240030294561147,-0.16720572227724492,0.04626137509459629,0.06324508191199198,-0.10714337329097441
452,0.042818208390404386,-0.5918103919870626,-0.15305568722525253,-0.16706127625612063,0.04626294410297497,-0.8159243170957786,-0.10714535814682402
453,0.042817694225919335,-0.5934806691264047,-0.15305542347505574,-0.16745596813256983,0.0462571849961466,1.6019770478788353,-0.10714337329097441
454,0.04609850449974529,-0.1397910718136639,-0.15279352219835227,-0.1672199744790465,0.04624867854750609,0.21375052207842415,-0.10714535814682402
455,0.04280740688831199,-0.5923821152332295,-0.15305474796534796,-0.16704697722181874,0.046264513328284386,-0.9295055006106024,-0.10714337329097441
456,0.05008613983500322,0.989760528092186,-0.15441920726235078,-0.16705590507562937,0.04626236269593477,-0.9324275958618709,-0.10714337329097441
457,0.046868170106464484,0.07619781042113379,-0.15308006416566772,-0.1674075486146227,0.0462568567399166,1.509529834985861,-0.10714535814682402
458,0.04280863620853651,-0.5929314249201013,-0.15305519548205002,-0.16714470690451053,0.04624756264160402,-0.37057407719166485,-0.10714535814682402
459,0.04281066256617233,-0.595714430629194,-0.15305377512651563,-0.1673902596506373,0.0462561493597761,1.2872414822881062,-0.10714459988728597
460,0.05143683843787423,1.3925308953150268,-0.15499215296798072,-0.16709980748524847,0.04625340740055053,-0.6169656723483936,-0.10714337329097441
461,0.042811879164092966,-0.5912228802030097,-0.15305526345269244,-0.1671914916363726,0.04623933104503312,-0.06270322965012341,-0.10714677059106156
462,0.04282342020822439,-0.5929255623519533,-0.15305681534806312,-0.16705339413057826,0.04627048902069234,-0.8784840410483302,-0.10714459988728597
463,0.04280349081309231,-0.5962001566672861,-0.15305373743109235,-0.16726359761427156,0.04624706387461166,0.5411732720623166,-0.10714535814682402
464,0.04890040109388824,0.643474620327129,-0.15388332489542475,-0.16704066980313345,0.04625533361783578,-1.0237490515360608,-0.10714337329097441
465,0.04631921169082884,-0.06904370567493782,-0.15288010916658012,-0.16736222094016326,0.04625094411262925,1.1293666042083343,-0.10714337329097441
466,0.04281140339587538,-0.5916385228458749,-0.15305535732625145,-0.1671136994099844,0.04625638741486204,-0.4514491465503762,-0.10714677059106156
467,0.05240382933245805,1.812326655661992,-0.15542611121375627,-0.16705301248845073,0.04627342215439618,-0.926856446488723,-0.10714535814682402
468,0.04918474941938137,0.7135160142481745,-0.15384499519733827,-0.16703865626888545,0.04625779212505001,-1.0230857166941858,-0.10714337329097441
469,0.042831236928885276,-0.5908626307589254,-0.15305799334016115,-0.1670878580633992,0.04625269348505767,-0.6214277730116043,-0.10714337329097441
470,0.04745927135882835,0.24392070846455818,-0.15331967945012845,-0.1673111913529286,0.046248731666175505,0.8524624967680094,-0.10714677059106156
471,0.04281843430175169,-0.5921325603264587,-0.15305492181529962,-0.1672464186464781,0.04625590391612639,0.28262142177194666,-0.10714535814682402
472,0.05392872017631847,2.112921625559697,-0.156153131478758,-0.16714319725635512,0.046255700502547806,-0.27409799985822925,-0.10714459988728597
473,0.05631043576104857,10.480843786297791,-0.17328734090633643,5.789301541040506,0.0507586706176474,5.221639059174017,-0.10714535814682402
474,0.04281068629288127,-0.5952005090559119,-0.15305529848258936,-0.16705483917504557,0.04626679215259892,-0.8777434792667277,-0.10714459988728597
475,0.05011306562185928,1.1291431259701263,-0.1544053590119476,-0.16704528581305675,0.04626224703887234,-0.931410583861344,-0.10714459988728597
476,0.051897221193683236,1.5433108426261215,-0.15521370673513715,-0.16709208107830478,0.04625138063924544,-0.6359665377486469,-0.10714337329097441
477,0.04281528114949039,-0.5940022918201978,-0.15305463589326163,-0.16722404918439607,0.046256615545025304,0.31404615438404265,-0.10714677059106156
