,level_0,PrimaryKey,DataType,Value,StatusCode,SourceTimeStamp,ServerTimeStamp
52144,store,DiscSize,0x0003,2,0x00000000,2020-09-24T13:08:56.585Z,2020-09-24T13:08:56.585Z
52145,rp,529,0x0007,1054403982,0x00000000,2020-09-24T13:08:56.602Z,2020-09-24T13:08:56.602Z
52146,rp,528,0x0007,3190161044,0x00000000,2020-09-24T13:08:56.603Z,2020-09-24T13:08:56.603Z
52147,rp,527,0x0007,3183664962,0x00000000,2020-09-24T13:08:56.605Z,2020-09-24T13:08:56.605Z
52148,qc,DistanceY,0x000b,47.7419329584,0x00000000,2020-09-24T13:08:56.765Z,2020-09-24T13:08:56.765Z
52149,qc,ResultCode,0x0006,1.0,0x00000000,2020-09-24T13:08:56.765Z,2020-09-24T13:08:56.765Z
52150,qc,DistanceX,0x000b,8.242489576339999,0x00000000,2020-09-24T13:08:56.765Z,2020-09-24T13:08:56.765Z
52151,qc,DistanceAbs,0x000b,48.448228007,0x00000000,2020-09-24T13:08:56.765Z,2020-09-24T13:08:56.765Z
52152,gate,Safe,0x0001,true,0x00000000,2020-09-24T13:08:56.814Z,2020-09-24T13:08:56.814Z
52153,gate,Position,0x000b,0.3,0x00000000,2020-09-24T13:08:56.814Z,2020-09-24T13:08:56.814Z
52154,gate,Speed,0x000b,0,0x00000000,2020-09-24T13:08:56.814Z,2020-09-24T13:08:56.814Z
52155,rp,529,0x0007,1054273708,0x00000000,2020-09-24T13:08:56.853Z,2020-09-24T13:08:56.853Z
52156,rp,528,0x0007,3189476200,0x00000000,2020-09-24T13:08:56.853Z,2020-09-24T13:08:56.853Z
52157,rp,527,0x0007,3189346391,0x00000000,2020-09-24T13:08:56.856Z,2020-09-24T13:08:56.856Z
52158,store,DiscSize,0x0003,2,0x00000000,2020-09-24T13:08:56.885Z,2020-09-24T13:08:56.885Z
52159,qc,ResultCode,0x0006,1.0,0x00000000,2020-09-24T13:08:57.065Z,2020-09-24T13:08:57.065Z
52160,qc,DistanceAbs,0x000b,48.448228007,0x00000000,2020-09-24T13:08:57.065Z,2020-09-24T13:08:57.065Z
52161,qc,DistanceX,0x000b,8.242489576339999,0x00000000,2020-09-24T13:08:57.065Z,2020-09-24T13:08:57.065Z
52162,qc,DistanceY,0x000b,47.7419329584,0x00000000,2020-09-24T13:08:57.065Z,2020-09-24T13:08:57.065Z
52163,rp,528,0x0007,3188717475,0x00000000,2020-09-24T13:08:57.103Z,2020-09-24T13:08:57.103Z
52164,rp,529,0x0007,1054128076,0x00000000,2020-09-24T13:08:57.103Z,2020-09-24T13:08:57.103Z
52165,rp,527,0x0007,3193569863,0x00000000,2020-09-24T13:08:57.106Z,2020-09-24T13:08:57.106Z
52166,gate,Safe,0x0001,true,0x00000000,2020-09-24T13:08:57.114Z,2020-09-24T13:08:57.114Z
52167,gate,Speed,0x000b,0,0x00000000,2020-09-24T13:08:57.114Z,2020-09-24T13:08:57.114Z
52168,gate,Position,0x000b,0.3,0x00000000,2020-09-24T13:08:57.114Z,2020-09-24T13:08:57.114Z
52169,store,DiscSize,0x0003,2,0x00000000,2020-09-24T13:08:57.185Z,2020-09-24T13:08:57.185Z
52170,rp,529,0x0007,1053983625,0x00000000,2020-09-24T13:08:57.354Z,2020-09-24T13:08:57.354Z
52171,rp,528,0x0007,3187931430,0x00000000,2020-09-24T13:08:57.354Z,2020-09-24T13:08:57.354Z
52172,rp,527,0x0007,3196853778,0x00000000,2020-09-24T13:08:57.357Z,2020-09-24T13:08:57.357Z
52173,qc,ResultCode,0x0006,1.0,0x00000000,2020-09-24T13:08:57.365Z,2020-09-24T13:08:57.365Z
52174,qc,DistanceY,0x000b,47.7419329584,0x00000000,2020-09-24T13:08:57.365Z,2020-09-24T13:08:57.365Z
52175,qc,DistanceX,0x000b,8.242489576339999,0x00000000,2020-09-24T13:08:57.365Z,2020-09-24T13:08:57.365Z
52176,qc,DistanceAbs,0x000b,48.448228007,0x00000000,2020-09-24T13:08:57.365Z,2020-09-24T13:08:57.365Z
52177,gate,Safe,0x0001,true,0x00000000,2020-09-24T13:08:57.414Z,2020-09-24T13:08:57.414Z
52178,gate,Speed,0x000b,0,0x00000000,2020-09-24T13:08:57.414Z,2020-09-24T13:08:57.414Z
52179,gate,Position,0x000b,0.3,0x00000000,2020-09-24T13:08:57.414Z,2020-09-24T13:08:57.414Z
52180,store,DiscSize,0x0003,2,0x00000000,2020-09-24T13:08:57.485Z,2020-09-24T13:08:57.485Z
52181,rp,529,0x0007,1053883218,0x00000000,2020-09-24T13:08:57.602Z,2020-09-24T13:08:57.602Z
52182,rp,528,0x0007,3187215925,0x00000000,2020-09-24T13:08:57.605Z,2020-09-24T13:08:57.605Z
52183,rp,527,0x0007,3198151288,0x00000000,2020-09-24T13:08:57.607Z,2020-09-24T13:08:57.607Z
52184,qc,DistanceAbs,0x000b,48.448228007,0x00000000,2020-09-24T13:08:57.665Z,2020-09-24T13:08:57.665Z
52185,qc,DistanceY,0x000b,47.7419329584,0x00000000,2020-09-24T13:08:57.665Z,2020-09-24T13:08:57.665Z
52186,qc,ResultCode,0x0006,1.0,0x00000000,2020-09-24T13:08:57.665Z,2020-09-24T13:08:57.665Z
52187,qc,DistanceX,0x000b,8.242489576339999,0x00000000,2020-09-24T13:08:57.665Z,2020-09-24T13:08:57.665Z
52188,gate,Speed,0x000b,0,0x00000000,2020-09-24T13:08:57.714Z,2020-09-24T13:08:57.714Z
52189,gate,Position,0x000b,0.3,0x00000000,2020-09-24T13:08:57.714Z,2020-09-24T13:08:57.714Z
52190,gate,Safe,0x0001,true,0x00000000,2020-09-24T13:08:57.714Z,2020-09-24T13:08:57.714Z
52191,store,DiscSize,0x0003,2,0x00000000,2020-09-24T13:08:57.785Z,2020-09-24T13:08:57.785Z
52192,rp,529,0x0007,1053891083,0x00000000,2020-09-24T13:08:57.852Z,2020-09-24T13:08:57.852Z
52193,rp,528,0x0007,3187227222,0x00000000,2020-09-24T13:08:57.852Z,2020-09-24T13:08:57.852Z
52194,rp,527,0x0007,3198141880,0x00000000,2020-09-24T13:08:57.855Z,2020-09-24T13:08:57.855Z
52195,qc,DistanceX,0x000b,8.242489576339999,0x00000000,2020-09-24T13:08:57.965Z,2020-09-24T13:08:57.965Z
52196,qc,ResultCode,0x0006,1.0,0x00000000,2020-09-24T13:08:57.965Z,2020-09-24T13:08:57.965Z
52197,qc,DistanceY,0x000b,47.7419329584,0x00000000,2020-09-24T13:08:57.965Z,2020-09-24T13:08:57.965Z
52198,qc,DistanceAbs,0x000b,48.448228007,0x00000000,2020-09-24T13:08:57.965Z,2020-09-24T13:08:57.965Z
52199,gate,Position,0x000b,0.3,0x00000000,2020-09-24T13:08:58.014Z,2020-09-24T13:08:58.014Z
52200,gate,Safe,0x0001,true,0x00000000,2020-09-24T13:08:58.014Z,2020-09-24T13:08:58.014Z
52201,gate,Speed,0x000b,0,0x00000000,2020-09-24T13:08:58.014Z,2020-09-24T13:08:58.014Z
52202,store,DiscSize,0x0003,2,0x00000000,2020-09-24T13:08:58.085Z,2020-09-24T13:08:58.085Z
52203,rp,529,0x0007,1053888320,0x00000000,2020-09-24T13:08:58.103Z,2020-09-24T13:08:58.103Z
52204,rp,528,0x0007,3187231047,0x00000000,2020-09-24T13:08:58.103Z,2020-09-24T13:08:58.103Z
52205,rp,527,0x0007,3198142752,0x00000000,2020-09-24T13:08:58.103Z,2020-09-24T13:08:58.103Z
52206,qc,ResultCode,0x0006,1.0,0x00000000,2020-09-24T13:08:58.265Z,2020-09-24T13:08:58.265Z
52207,qc,DistanceAbs,0x000b,48.448228007,0x00000000,2020-09-24T13:08:58.265Z,2020-09-24T13:08:58.265Z
52208,qc,DistanceX,0x000b,8.242489576339999,0x00000000,2020-09-24T13:08:58.265Z,2020-09-24T13:08:58.265Z
52209,qc,DistanceY,0x000b,47.7419329584,0x00000000,2020-09-24T13:08:58.265Z,2020-09-24T13:08:58.265Z
52210,gate,Position,0x000b,0.3,0x00000000,2020-09-24T13:08:58.314Z,2020-09-24T13:08:58.314Z
52211,gate,Speed,0x000b,0,0x00000000,2020-09-24T13:08:58.314Z,2020-09-24T13:08:58.314Z
52212,gate,Safe,0x0001,true,0x00000000,2020-09-24T13:08:58.314Z,2020-09-24T13:08:58.314Z
52213,rp,529,0x0007,1053888239,0x00000000,2020-09-24T13:08:58.353Z,2020-09-24T13:08:58.353Z
52214,rp,528,0x0007,3187229639,0x00000000,2020-09-24T13:08:58.353Z,2020-09-24T13:08:58.353Z
52215,rp,527,0x0007,3198142999,0x00000000,2020-09-24T13:08:58.356Z,2020-09-24T13:08:58.356Z
52216,store,DiscSize,0x0003,2,0x00000000,2020-09-24T13:08:58.385Z,2020-09-24T13:08:58.385Z
52217,qc,DistanceX,0x000b,8.242489576339999,0x00000000,2020-09-24T13:08:58.565Z,2020-09-24T13:08:58.565Z
52218,qc,DistanceAbs,0x000b,48.448228007,0x00000000,2020-09-24T13:08:58.565Z,2020-09-24T13:08:58.565Z
52219,qc,ResultCode,0x0006,1.0,0x00000000,2020-09-24T13:08:58.565Z,2020-09-24T13:08:58.565Z
52220,qc,DistanceY,0x000b,47.7419329584,0x00000000,2020-09-24T13:08:58.565Z,2020-09-24T13:08:58.565Z
52221,rp,529,0x0007,1053888121,0x00000000,2020-09-24T13:08:58.604Z,2020-09-24T13:08:58.604Z
52222,rp,528,0x0007,3187230018,0x00000000,2020-09-24T13:08:58.604Z,2020-09-24T13:08:58.604Z
52223,rp,527,0x0007,3198143410,0x00000000,2020-09-24T13:08:58.606Z,2020-09-24T13:08:58.606Z
52224,gate,Position,0x000b,0.3,0x00000000,2020-09-24T13:08:58.614Z,2020-09-24T13:08:58.614Z
52225,gate,Speed,0x000b,0,0x00000000,2020-09-24T13:08:58.614Z,2020-09-24T13:08:58.614Z
52226,gate,Safe,0x0001,true,0x00000000,2020-09-24T13:08:58.614Z,2020-09-24T13:08:58.614Z
52227,store,DiscSize,0x0003,2,0x00000000,2020-09-24T13:08:58.685Z,2020-09-24T13:08:58.685Z
52228,rp,528,0x0007,3187230042,0x00000000,2020-09-24T13:08:58.854Z,2020-09-24T13:08:58.854Z
52229,rp,529,0x0007,1053888398,0x00000000,2020-09-24T13:08:58.854Z,2020-09-24T13:08:58.854Z
52230,rp,527,0x0007,3198143343,0x00000000,2020-09-24T13:08:58.857Z,2020-09-24T13:08:58.857Z
52231,qc,ResultCode,0x0006,1.0,0x00000000,2020-09-24T13:08:58.865Z,2020-09-24T13:08:58.865Z
52232,qc,DistanceY,0x000b,47.7419329584,0x00000000,2020-09-24T13:08:58.865Z,2020-09-24T13:08:58.865Z
52233,qc,DistanceX,0x000b,8.242489576339999,0x00000000,2020-09-24T13:08:58.865Z,2020-09-24T13:08:58.865Z
52234,qc,DistanceAbs,0x000b,48.448228007,0x00000000,2020-09-24T13:08:58.865Z,2020-09-24T13:08:58.865Z
52235,gate,Position,0x000b,0.3,0x00000000,2020-09-24T13:08:58.914Z,2020-09-24T13:08:58.914Z
52236,gate,Speed,0x000b,0,0x00000000,2020-09-24T13:08:58.914Z,2020-09-24T13:08:58.914Z
52237,gate,Safe,0x0001,true,0x00000000,2020-09-24T13:08:58.914Z,2020-09-24T13:08:58.914Z
52238,store,DiscSize,0x0003,2,0x00000000,2020-09-24T13:08:58.985Z,2020-09-24T13:08:58.985Z
52239,rp,529,0x0007,1053162725,0x00000000,2020-09-24T13:08:59.102Z,2020-09-24T13:08:59.102Z
52240,rp,528,0x0007,3187516278,0x00000000,2020-09-24T13:08:59.105Z,2020-09-24T13:08:59.105Z
52241,rp,527,0x0007,3198142439,0x00000000,2020-09-24T13:08:59.107Z,2020-09-24T13:08:59.107Z
52242,qc,ResultCode,0x0006,1.0,0x00000000,2020-09-24T13:08:59.165Z,2020-09-24T13:08:59.165Z
52243,qc,DistanceY,0x000b,47.7419329584,0x00000000,2020-09-24T13:08:59.165Z,2020-09-24T13:08:59.165Z
52244,qc,DistanceX,0x000b,8.242489576339999,0x00000000,2020-09-24T13:08:59.165Z,2020-09-24T13:08:59.165Z
52245,qc,DistanceAbs,0x000b,48.448228007,0x00000000,2020-09-24T13:08:59.165Z,2020-09-24T13:08:59.165Z
52246,gate,Speed,0x000b,0,0x00000000,2020-09-24T13:08:59.214Z,2020-09-24T13:08:59.214Z
52247,gate,Position,0x000b,0.3,0x00000000,2020-09-24T13:08:59.214Z,2020-09-24T13:08:59.214Z
52248,gate,Safe,0x0001,true,0x00000000,2020-09-24T13:08:59.214Z,2020-09-24T13:08:59.214Z
52249,store,DiscSize,0x0003,2,0x00000000,2020-09-24T13:08:59.285Z,2020-09-24T13:08:59.285Z
52250,rp,529,0x0007,1051352391,0x00000000,2020-09-24T13:08:59.352Z,2020-09-24T13:08:59.352Z
52251,rp,528,0x0007,3187960263,0x00000000,2020-09-24T13:08:59.353Z,2020-09-24T13:08:59.353Z
52252,rp,527,0x0007,3198142248,0x00000000,2020-09-24T13:08:59.355Z,2020-09-24T13:08:59.355Z
52253,qc,DistanceAbs,0x000b,48.448228007,0x00000000,2020-09-24T13:08:59.465Z,2020-09-24T13:08:59.465Z
52254,qc,DistanceX,0x000b,8.242489576339999,0x00000000,2020-09-24T13:08:59.465Z,2020-09-24T13:08:59.465Z
52255,qc,DistanceY,0x000b,47.7419329584,0x00000000,2020-09-24T13:08:59.465Z,2020-09-24T13:08:59.465Z
52256,qc,ResultCode,0x0006,1.0,0x00000000,2020-09-24T13:08:59.465Z,2020-09-24T13:08:59.465Z
52257,gate,Speed,0x000b,0,0x00000000,2020-09-24T13:08:59.514Z,2020-09-24T13:08:59.514Z
52258,gate,Position,0x000b,0.3,0x00000000,2020-09-24T13:08:59.514Z,2020-09-24T13:08:59.514Z
52259,gate,Safe,0x0001,true,0x00000000,2020-09-24T13:08:59.514Z,2020-09-24T13:08:59.514Z
52260,store,DiscSize,0x0003,2,0x00000000,2020-09-24T13:08:59.585Z,2020-09-24T13:08:59.585Z
52261,rp,528,0x0007,3188625311,0x00000000,2020-09-24T13:08:59.603Z,2020-09-24T13:08:59.603Z
52262,rp,529,0x0007,1051188166,0x00000000,2020-09-24T13:08:59.603Z,2020-09-24T13:08:59.603Z
52263,rp,527,0x0007,3198146018,0x00000000,2020-09-24T13:08:59.606Z,2020-09-24T13:08:59.606Z
52264,qc,ResultCode,0x0006,1.0,0x00000000,2020-09-24T13:08:59.765Z,2020-09-24T13:08:59.765Z
52265,qc,DistanceX,0x000b,8.242489576339999,0x00000000,2020-09-24T13:08:59.765Z,2020-09-24T13:08:59.765Z
52266,qc,DistanceY,0x000b,47.7419329584,0x00000000,2020-09-24T13:08:59.765Z,2020-09-24T13:08:59.765Z
52267,qc,DistanceAbs,0x000b,48.448228007,0x00000000,2020-09-24T13:08:59.765Z,2020-09-24T13:08:59.765Z
52268,gate,Position,0x000b,0.3,0x00000000,2020-09-24T13:08:59.814Z,2020-09-24T13:08:59.814Z
52269,gate,Safe,0x0001,true,0x00000000,2020-09-24T13:08:59.814Z,2020-09-24T13:08:59.814Z
52270,gate,Speed,0x000b,0,0x00000000,2020-09-24T13:08:59.814Z,2020-09-24T13:08:59.814Z
52271,rp,529,0x0007,1051184819,0x00000000,2020-09-24T13:08:59.854Z,2020-09-24T13:08:59.854Z
52272,rp,528,0x0007,3188630049,0x00000000,2020-09-24T13:08:59.854Z,2020-09-24T13:08:59.854Z
52273,rp,527,0x0007,3198146216,0x00000000,2020-09-24T13:08:59.856Z,2020-09-24T13:08:59.856Z
52274,store,DiscSize,0x0003,2,0x00000000,2020-09-24T13:08:59.885Z,2020-09-24T13:08:59.885Z
52275,qc,DistanceY,0x000b,47.7419329584,0x00000000,2020-09-24T13:09:00.065Z,2020-09-24T13:09:00.065Z
52276,qc,DistanceX,0x000b,8.242489576339999,0x00000000,2020-09-24T13:09:00.065Z,2020-09-24T13:09:00.065Z
52277,qc,ResultCode,0x0006,1.0,0x00000000,2020-09-24T13:09:00.065Z,2020-09-24T13:09:00.065Z
52278,qc,DistanceAbs,0x000b,48.448228007,0x00000000,2020-09-24T13:09:00.065Z,2020-09-24T13:09:00.065Z
52279,rp,529,0x0007,1051185294,0x00000000,2020-09-24T13:09:00.102Z,2020-09-24T13:09:00.102Z
52280,rp,528,0x0007,3188626785,0x00000000,2020-09-24T13:09:00.102Z,2020-09-24T13:09:00.102Z
52281,rp,527,0x0007,3198147201,0x00000000,2020-09-24T13:09:00.107Z,2020-09-24T13:09:00.107Z
52282,gate,Safe,0x0001,true,0x00000000,2020-09-24T13:09:00.114Z,2020-09-24T13:09:00.114Z
52283,gate,Speed,0x000b,0,0x00000000,2020-09-24T13:09:00.114Z,2020-09-24T13:09:00.114Z
52284,gate,Position,0x000b,0.3,0x00000000,2020-09-24T13:09:00.114Z,2020-09-24T13:09:00.114Z
52285,store,DiscSize,0x0003,2,0x00000000,2020-09-24T13:09:00.185Z,2020-09-24T13:09:00.185Z
52286,rp,529,0x0007,1051185456,0x00000000,2020-09-24T13:09:00.352Z,2020-09-24T13:09:00.352Z
52287,rp,528,0x0007,3188626278,0x00000000,2020-09-24T13:09:00.353Z,2020-09-24T13:09:00.353Z
52288,rp,527,0x0007,3198147198,0x00000000,2020-09-24T13:09:00.355Z,2020-09-24T13:09:00.355Z
52289,qc,DistanceAbs,0x000b,48.448228007,0x00000000,2020-09-24T13:09:00.365Z,2020-09-24T13:09:00.365Z
52290,qc,ResultCode,0x0006,1.0,0x00000000,2020-09-24T13:09:00.365Z,2020-09-24T13:09:00.365Z
52291,qc,DistanceX,0x000b,8.242489576339999,0x00000000,2020-09-24T13:09:00.365Z,2020-09-24T13:09:00.365Z
52292,qc,DistanceY,0x000b,47.7419329584,0x00000000,2020-09-24T13:09:00.365Z,2020-09-24T13:09:00.365Z
52293,gate,Position,0x000b,0.3,0x00000000,2020-09-24T13:09:00.414Z,2020-09-24T13:09:00.414Z
52294,gate,Speed,0x000b,0,0x00000000,2020-09-24T13:09:00.414Z,2020-09-24T13:09:00.414Z
52295,gate,Safe,0x0001,true,0x00000000,2020-09-24T13:09:00.414Z,2020-09-24T13:09:00.414Z
52296,store,DiscSize,0x0003,2,0x00000000,2020-09-24T13:09:00.485Z,2020-09-24T13:09:00.485Z
52297,rp,529,0x0007,1051185106,0x00000000,2020-09-24T13:09:00.603Z,2020-09-24T13:09:00.603Z
52298,rp,528,0x0007,3188626003,0x00000000,2020-09-24T13:09:00.604Z,2020-09-24T13:09:00.604Z
52299,rp,527,0x0007,3198147257,0x00000000,2020-09-24T13:09:00.606Z,2020-09-24T13:09:00.606Z
52300,qc,DistanceY,0x000b,47.7419329584,0x00000000,2020-09-24T13:09:00.665Z,2020-09-24T13:09:00.665Z
52301,qc,ResultCode,0x0006,1.0,0x00000000,2020-09-24T13:09:00.665Z,2020-09-24T13:09:00.665Z
52302,qc,DistanceX,0x000b,8.242489576339999,0x00000000,2020-09-24T13:09:00.665Z,2020-09-24T13:09:00.665Z
52303,qc,DistanceAbs,0x000b,48.448228007,0x00000000,2020-09-24T13:09:00.665Z,2020-09-24T13:09:00.665Z
52304,gate,Speed,0x000b,0,0x00000000,2020-09-24T13:09:00.714Z,2020-09-24T13:09:00.714Z
52305,gate,Safe,0x0001,true,0x00000000,2020-09-24T13:09:00.714Z,2020-09-24T13:09:00.714Z
52306,gate,Position,0x000b,0.3,0x00000000,2020-09-24T13:09:00.714Z,2020-09-24T13:09:00.714Z
52307,store,DiscSize,0x0003,2,0x00000000,2020-09-24T13:09:00.785Z,2020-09-24T13:09:00.785Z
52308,rp,528,0x0007,3188626116,0x00000000,2020-09-24T13:09:00.854Z,2020-09-24T13:09:00.854Z
52309,rp,529,0x0007,1051185150,0x00000000,2020-09-24T13:09:00.854Z,2020-09-24T13:09:00.854Z
52310,rp,527,0x0007,3198147177,0x00000000,2020-09-24T13:09:00.856Z,2020-09-24T13:09:00.856Z
52311,qc,DistanceAbs,0x000b,48.448228007,0x00000000,2020-09-24T13:09:00.965Z,2020-09-24T13:09:00.965Z
52312,qc,DistanceX,0x000b,8.242489576339999,0x00000000,2020-09-24T13:09:00.965Z,2020-09-24T13:09:00.965Z
52313,qc,ResultCode,0x0006,1.0,0x00000000,2020-09-24T13:09:00.965Z,2020-09-24T13:09:00.965Z
52314,qc,DistanceY,0x000b,47.7419329584,0x00000000,2020-09-24T13:09:00.965Z,2020-09-24T13:09:00.965Z
52315,gate,Position,0x000b,0.3,0x00000000,2020-09-24T13:09:01.014Z,2020-09-24T13:09:01.014Z
52316,gate,Safe,0x0001,true,0x00000000,2020-09-24T13:09:01.014Z,2020-09-24T13:09:01.014Z
52317,gate,Speed,0x000b,0,0x00000000,2020-09-24T13:09:01.014Z,2020-09-24T13:09:01.014Z
52318,store,DiscSize,0x0003,2,0x00000000,2020-09-24T13:09:01.085Z,2020-09-24T13:09:01.085Z
52319,rp,528,0x0007,3188625484,0x00000000,2020-09-24T13:09:01.104Z,2020-09-24T13:09:01.104Z
52320,rp,529,0x0007,1051185782,0x00000000,2020-09-24T13:09:01.104Z,2020-09-24T13:09:01.104Z
52321,rp,527,0x0007,3198147468,0x00000000,2020-09-24T13:09:01.109Z,2020-09-24T13:09:01.109Z
52322,qc,ResultCode,0x0006,1.0,0x00000000,2020-09-24T13:09:01.265Z,2020-09-24T13:09:01.265Z
52323,qc,DistanceX,0x000b,8.242489576339999,0x00000000,2020-09-24T13:09:01.265Z,2020-09-24T13:09:01.265Z
52324,qc,DistanceY,0x000b,47.7419329584,0x00000000,2020-09-24T13:09:01.265Z,2020-09-24T13:09:01.265Z
52325,qc,DistanceAbs,0x000b,48.448228007,0x00000000,2020-09-24T13:09:01.265Z,2020-09-24T13:09:01.265Z
52326,gate,Speed,0x000b,0,0x00000000,2020-09-24T13:09:01.314Z,2020-09-24T13:09:01.314Z
52327,gate,Safe,0x0001,true,0x00000000,2020-09-24T13:09:01.314Z,2020-09-24T13:09:01.314Z
52328,gate,Position,0x000b,0.3,0x00000000,2020-09-24T13:09:01.314Z,2020-09-24T13:09:01.314Z
52329,rp,529,0x0007,1051184610,0x00000000,2020-09-24T13:09:01.352Z,2020-09-24T13:09:01.352Z
52330,rp,528,0x0007,3188627164,0x00000000,2020-09-24T13:09:01.356Z,2020-09-24T13:09:01.356Z
52331,rp,527,0x0007,3198147403,0x00000000,2020-09-24T13:09:01.357Z,2020-09-24T13:09:01.357Z
52332,store,DiscSize,0x0003,2,0x00000000,2020-09-24T13:09:01.385Z,2020-09-24T13:09:01.385Z
52333,qc,DistanceY,0x000b,47.7419329584,0x00000000,2020-09-24T13:09:01.565Z,2020-09-24T13:09:01.565Z
52334,qc,ResultCode,0x0006,1.0,0x00000000,2020-09-24T13:09:01.565Z,2020-09-24T13:09:01.565Z
52335,qc,DistanceAbs,0x000b,48.448228007,0x00000000,2020-09-24T13:09:01.565Z,2020-09-24T13:09:01.565Z
52336,qc,DistanceX,0x000b,8.242489576339999,0x00000000,2020-09-24T13:09:01.565Z,2020-09-24T13:09:01.565Z
52337,rp,529,0x0007,1051353222,0x00000000,2020-09-24T13:09:01.602Z,2020-09-24T13:09:01.602Z
52338,rp,528,0x0007,3188522302,0x00000000,2020-09-24T13:09:01.603Z,2020-09-24T13:09:01.603Z
52339,rp,527,0x0007,3198145897,0x00000000,2020-09-24T13:09:01.605Z,2020-09-24T13:09:01.605Z
52340,gate,Position,0x000b,0.3,0x00000000,2020-09-24T13:09:01.614Z,2020-09-24T13:09:01.614Z
52341,gate,Speed,0x000b,0,0x00000000,2020-09-24T13:09:01.614Z,2020-09-24T13:09:01.614Z
52342,gate,Safe,0x0001,true,0x00000000,2020-09-24T13:09:01.614Z,2020-09-24T13:09:01.614Z
52343,store,DiscSize,0x0003,2,0x00000000,2020-09-24T13:09:01.685Z,2020-09-24T13:09:01.685Z
52344,rp,528,0x0007,3188325911,0x00000000,2020-09-24T13:09:01.853Z,2020-09-24T13:09:01.853Z
52345,rp,529,0x0007,1051952298,0x00000000,2020-09-24T13:09:01.853Z,2020-09-24T13:09:01.853Z
52346,rp,527,0x0007,3198142643,0x00000000,2020-09-24T13:09:01.856Z,2020-09-24T13:09:01.856Z
52347,qc,DistanceAbs,0x000b,48.448228007,0x00000000,2020-09-24T13:09:01.865Z,2020-09-24T13:09:01.865Z
52348,qc,DistanceX,0x000b,8.242489576339999,0x00000000,2020-09-24T13:09:01.865Z,2020-09-24T13:09:01.865Z
52349,qc,DistanceY,0x000b,47.7419329584,0x00000000,2020-09-24T13:09:01.865Z,2020-09-24T13:09:01.865Z
52350,qc,ResultCode,0x0006,1.0,0x00000000,2020-09-24T13:09:01.865Z,2020-09-24T13:09:01.865Z
52351,gate,Speed,0x000b,0,0x00000000,2020-09-24T13:09:01.914Z,2020-09-24T13:09:01.914Z
52352,gate,Position,0x000b,0.3,0x00000000,2020-09-24T13:09:01.914Z,2020-09-24T13:09:01.914Z
52353,gate,Safe,0x0001,true,0x00000000,2020-09-24T13:09:01.914Z,2020-09-24T13:09:01.914Z
52354,store,DiscSize,0x0003,2,0x00000000,2020-09-24T13:09:01.985Z,2020-09-24T13:09:01.985Z
52355,rp,529,0x0007,1053842659,0x00000000,2020-09-24T13:09:02.104Z,2020-09-24T13:09:02.104Z
52356,rp,528,0x0007,3188324640,0x00000000,2020-09-24T13:09:02.104Z,2020-09-24T13:09:02.104Z
52357,rp,527,0x0007,3198141172,0x00000000,2020-09-24T13:09:02.107Z,2020-09-24T13:09:02.107Z
52358,qc,DistanceY,0x000b,47.7419329584,0x00000000,2020-09-24T13:09:02.165Z,2020-09-24T13:09:02.165Z
52359,qc,DistanceX,0x000b,8.242489576339999,0x00000000,2020-09-24T13:09:02.165Z,2020-09-24T13:09:02.165Z
52360,qc,DistanceAbs,0x000b,48.448228007,0x00000000,2020-09-24T13:09:02.165Z,2020-09-24T13:09:02.165Z
52361,qc,ResultCode,0x0006,1.0,0x00000000,2020-09-24T13:09:02.165Z,2020-09-24T13:09:02.165Z
52362,gate,Position,0x000b,0.3,0x00000000,2020-09-24T13:09:02.214Z,2020-09-24T13:09:02.214Z
52363,gate,Speed,0x000b,0,0x00000000,2020-09-24T13:09:02.214Z,2020-09-24T13:09:02.214Z
52364,gate,Safe,0x0001,true,0x00000000,2020-09-24T13:09:02.214Z,2020-09-24T13:09:02.214Z
52365,store,DiscSize,0x0003,2,0x00000000,2020-09-24T13:09:02.285Z,2020-09-24T13:09:02.285Z
52366,rp,529,0x0007,1054309322,0x00000000,2020-09-24T13:09:02.353Z,2020-09-24T13:09:02.353Z
52367,rp,527,0x0007,3197994781,0x00000000,2020-09-24T13:09:02.357Z,2020-09-24T13:09:02.357Z
52368,rp,528,0x0007,3188545801,0x00000000,2020-09-24T13:09:02.357Z,2020-09-24T13:09:02.357Z
52369,qc,DistanceY,0x000b,47.7419329584,0x00000000,2020-09-24T13:09:02.465Z,2020-09-24T13:09:02.465Z
52370,qc,DistanceAbs,0x000b,48.448228007,0x00000000,2020-09-24T13:09:02.465Z,2020-09-24T13:09:02.465Z
52371,qc,ResultCode,0x0006,1.0,0x00000000,2020-09-24T13:09:02.465Z,2020-09-24T13:09:02.465Z
52372,qc,DistanceX,0x000b,8.242489576339999,0x00000000,2020-09-24T13:09:02.465Z,2020-09-24T13:09:02.465Z
52373,gate,Speed,0x000b,0,0x00000000,2020-09-24T13:09:02.514Z,2020-09-24T13:09:02.514Z
52374,gate,Position,0x000b,0.3,0x00000000,2020-09-24T13:09:02.514Z,2020-09-24T13:09:02.514Z
52375,gate,Safe,0x0001,true,0x00000000,2020-09-24T13:09:02.514Z,2020-09-24T13:09:02.514Z
52376,store,DiscSize,0x0003,2,0x00000000,2020-09-24T13:09:02.585Z,2020-09-24T13:09:02.585Z
52377,rp,529,0x0007,1054591024,0x00000000,2020-09-24T13:09:02.602Z,2020-09-24T13:09:02.602Z
52378,rp,528,0x0007,3190262438,0x00000000,2020-09-24T13:09:02.603Z,2020-09-24T13:09:02.603Z
52379,rp,527,0x0007,3196454574,0x00000000,2020-09-24T13:09:02.605Z,2020-09-24T13:09:02.605Z
52380,qc,ResultCode,0x0006,1.0,0x00000000,2020-09-24T13:09:02.765Z,2020-09-24T13:09:02.765Z
52381,qc,DistanceY,0x000b,47.7419329584,0x00000000,2020-09-24T13:09:02.765Z,2020-09-24T13:09:02.765Z
52382,qc,DistanceX,0x000b,8.242489576339999,0x00000000,2020-09-24T13:09:02.765Z,2020-09-24T13:09:02.765Z
52383,qc,DistanceAbs,0x000b,48.448228007,0x00000000,2020-09-24T13:09:02.765Z,2020-09-24T13:09:02.765Z
52384,gate,Speed,0x000b,0,0x00000000,2020-09-24T13:09:02.814Z,2020-09-24T13:09:02.814Z
52385,gate,Safe,0x0001,true,0x00000000,2020-09-24T13:09:02.814Z,2020-09-24T13:09:02.814Z
52386,gate,Position,0x000b,0.3,0x00000000,2020-09-24T13:09:02.814Z,2020-09-24T13:09:02.814Z
52387,rp,529,0x0007,1054798948,0x00000000,2020-09-24T13:09:02.853Z,2020-09-24T13:09:02.853Z
52388,rp,528,0x0007,3191561746,0x00000000,2020-09-24T13:09:02.853Z,2020-09-24T13:09:02.853Z
52389,rp,527,0x0007,3190419390,0x00000000,2020-09-24T13:09:02.855Z,2020-09-24T13:09:02.855Z
52390,store,DiscSize,0x0003,2,0x00000000,2020-09-24T13:09:02.885Z,2020-09-24T13:09:02.885Z
52391,qc,DistanceAbs,0x000b,48.448228007,0x00000000,2020-09-24T13:09:03.065Z,2020-09-24T13:09:03.065Z
52392,qc,DistanceX,0x000b,8.242489576339999,0x00000000,2020-09-24T13:09:03.065Z,2020-09-24T13:09:03.065Z
52393,qc,DistanceY,0x000b,47.7419329584,0x00000000,2020-09-24T13:09:03.065Z,2020-09-24T13:09:03.065Z
52394,qc,ResultCode,0x0006,1.0,0x00000000,2020-09-24T13:09:03.065Z,2020-09-24T13:09:03.065Z
52395,rp,529,0x0007,1054585417,0x00000000,2020-09-24T13:09:03.103Z,2020-09-24T13:09:03.103Z
52396,rp,528,0x0007,3190756950,0x00000000,2020-09-24T13:09:03.103Z,2020-09-24T13:09:03.103Z
52397,rp,527,0x0007,3185040741,0x00000000,2020-09-24T13:09:03.106Z,2020-09-24T13:09:03.106Z
52398,gate,Position,0x000b,0.3,0x00000000,2020-09-24T13:09:03.114Z,2020-09-24T13:09:03.114Z
52399,gate,Speed,0x000b,0,0x00000000,2020-09-24T13:09:03.114Z,2020-09-24T13:09:03.114Z
52400,gate,Safe,0x0001,true,0x00000000,2020-09-24T13:09:03.114Z,2020-09-24T13:09:03.114Z
52401,store,DiscSize,0x0003,2,0x00000000,2020-09-24T13:09:03.185Z,2020-09-24T13:09:03.185Z
52402,rp,528,0x0007,3190236073,0x00000000,2020-09-24T13:09:03.354Z,2020-09-24T13:09:03.354Z
52403,rp,529,0x0007,1054419944,0x00000000,2020-09-24T13:09:03.354Z,2020-09-24T13:09:03.354Z
52404,rp,527,0x0007,3182783457,0x00000000,2020-09-24T13:09:03.357Z,2020-09-24T13:09:03.357Z
52405,qc,ResultCode,0x0006,1.0,0x00000000,2020-09-24T13:09:03.365Z,2020-09-24T13:09:03.365Z
52406,qc,DistanceY,0x000b,47.7419329584,0x00000000,2020-09-24T13:09:03.365Z,2020-09-24T13:09:03.365Z
52407,qc,DistanceX,0x000b,8.242489576339999,0x00000000,2020-09-24T13:09:03.365Z,2020-09-24T13:09:03.365Z
52408,qc,DistanceAbs,0x000b,48.448228007,0x00000000,2020-09-24T13:09:03.365Z,2020-09-24T13:09:03.365Z
52409,gate,Speed,0x000b,0,0x00000000,2020-09-24T13:09:03.414Z,2020-09-24T13:09:03.414Z
52410,gate,Safe,0x0001,true,0x00000000,2020-09-24T13:09:03.414Z,2020-09-24T13:09:03.414Z
52411,gate,Position,0x000b,0.3,0x00000000,2020-09-24T13:09:03.414Z,2020-09-24T13:09:03.414Z
52412,store,DiscSize,0x0003,2,0x00000000,2020-09-24T13:09:03.485Z,2020-09-24T13:09:03.485Z
52413,rp,528,0x0007,3190538751,0x00000000,2020-09-24T13:09:03.604Z,2020-09-24T13:09:03.604Z
52414,rp,529,0x0007,1054422544,0x00000000,2020-09-24T13:09:03.604Z,2020-09-24T13:09:03.604Z
52415,rp,527,0x0007,3180944830,0x00000000,2020-09-24T13:09:03.607Z,2020-09-24T13:09:03.607Z
52416,qc,ResultCode,0x0006,1.0,0x00000000,2020-09-24T13:09:03.665Z,2020-09-24T13:09:03.665Z
52417,qc,DistanceX,0x000b,8.242489576339999,0x00000000,2020-09-24T13:09:03.665Z,2020-09-24T13:09:03.665Z
52418,qc,DistanceY,0x000b,47.7419329584,0x00000000,2020-09-24T13:09:03.665Z,2020-09-24T13:09:03.665Z
52419,qc,DistanceAbs,0x000b,48.448228007,0x00000000,2020-09-24T13:09:03.665Z,2020-09-24T13:09:03.665Z
52420,gate,Safe,0x0001,true,0x00000000,2020-09-24T13:09:03.714Z,2020-09-24T13:09:03.714Z
52421,gate,Position,0x000b,0.3,0x00000000,2020-09-24T13:09:03.714Z,2020-09-24T13:09:03.714Z
52422,gate,Speed,0x000b,0,0x00000000,2020-09-24T13:09:03.714Z,2020-09-24T13:09:03.714Z
52423,store,DiscSize,0x0003,2,0x00000000,2020-09-24T13:09:03.785Z,2020-09-24T13:09:03.785Z
52424,rp,529,0x0007,1054427736,0x00000000,2020-09-24T13:09:03.852Z,2020-09-24T13:09:03.852Z
52425,rp,528,0x0007,3190991408,0x00000000,2020-09-24T13:09:03.855Z,2020-09-24T13:09:03.855Z
52426,rp,527,0x0007,3170344482,0x00000000,2020-09-24T13:09:03.857Z,2020-09-24T13:09:03.857Z
52427,qc,DistanceX,0x000b,8.242489576339999,0x00000000,2020-09-24T13:09:03.965Z,2020-09-24T13:09:03.965Z
52428,qc,DistanceAbs,0x000b,48.448228007,0x00000000,2020-09-24T13:09:03.965Z,2020-09-24T13:09:03.965Z
52429,qc,ResultCode,0x0006,1.0,0x00000000,2020-09-24T13:09:03.965Z,2020-09-24T13:09:03.965Z
52430,qc,DistanceY,0x000b,47.7419329584,0x00000000,2020-09-24T13:09:03.965Z,2020-09-24T13:09:03.965Z
52431,gate,Speed,0x000b,0,0x00000000,2020-09-24T13:09:04.014Z,2020-09-24T13:09:04.014Z
52432,gate,Safe,0x0001,true,0x00000000,2020-09-24T13:09:04.014Z,2020-09-24T13:09:04.014Z
52433,gate,Position,0x000b,0.3,0x00000000,2020-09-24T13:09:04.014Z,2020-09-24T13:09:04.014Z
52434,store,DiscSize,0x0003,2,0x00000000,2020-09-24T13:09:04.085Z,2020-09-24T13:09:04.085Z
52435,rp,529,0x0007,1054423336,0x00000000,2020-09-24T13:09:04.102Z,2020-09-24T13:09:04.102Z
52436,rp,528,0x0007,3190619078,0x00000000,2020-09-24T13:09:04.103Z,2020-09-24T13:09:04.103Z
52437,rp,527,0x0007,1016865399,0x00000000,2020-09-24T13:09:04.105Z,2020-09-24T13:09:04.105Z
52438,qc,DistanceAbs,0x000b,48.448228007,0x00000000,2020-09-24T13:09:04.265Z,2020-09-24T13:09:04.265Z
52439,qc,DistanceX,0x000b,8.242489576339999,0x00000000,2020-09-24T13:09:04.265Z,2020-09-24T13:09:04.265Z
52440,qc,DistanceY,0x000b,47.7419329584,0x00000000,2020-09-24T13:09:04.265Z,2020-09-24T13:09:04.265Z
52441,qc,ResultCode,0x0006,1.0,0x00000000,2020-09-24T13:09:04.265Z,2020-09-24T13:09:04.265Z
52442,gate,Speed,0x000b,0,0x00000000,2020-09-24T13:09:04.314Z,2020-09-24T13:09:04.314Z
52443,gate,Safe,0x0001,true,0x00000000,2020-09-24T13:09:04.314Z,2020-09-24T13:09:04.314Z
52444,gate,Position,0x000b,0.3,0x00000000,2020-09-24T13:09:04.314Z,2020-09-24T13:09:04.314Z
52445,rp,529,0x0007,1054421186,0x00000000,2020-09-24T13:09:04.353Z,2020-09-24T13:09:04.353Z
52446,rp,528,0x0007,3190242659,0x00000000,2020-09-24T13:09:04.353Z,2020-09-24T13:09:04.353Z
52447,rp,527,0x0007,1024581443,0x00000000,2020-09-24T13:09:04.356Z,2020-09-24T13:09:04.356Z
52448,store,DiscSize,0x0003,2,0x00000000,2020-09-24T13:09:04.385Z,2020-09-24T13:09:04.385Z
52449,qc,ResultCode,0x0006,1.0,0x00000000,2020-09-24T13:09:04.565Z,2020-09-24T13:09:04.565Z
52450,qc,DistanceY,0x000b,47.7419329584,0x00000000,2020-09-24T13:09:04.565Z,2020-09-24T13:09:04.565Z
52451,qc,DistanceX,0x000b,8.242489576339999,0x00000000,2020-09-24T13:09:04.565Z,2020-09-24T13:09:04.565Z
52452,qc,DistanceAbs,0x000b,48.448228007,0x00000000,2020-09-24T13:09:04.565Z,2020-09-24T13:09:04.565Z
52453,rp,529,0x0007,1054418575,0x00000000,2020-09-24T13:09:04.603Z,2020-09-24T13:09:04.603Z
52454,rp,528,0x0007,3190241785,0x00000000,2020-09-24T13:09:04.604Z,2020-09-24T13:09:04.604Z
52455,rp,527,0x0007,1032069762,0x00000000,2020-09-24T13:09:04.606Z,2020-09-24T13:09:04.606Z
52456,gate,Safe,0x0001,true,0x00000000,2020-09-24T13:09:04.614Z,2020-09-24T13:09:04.614Z
52457,gate,Position,0x000b,0.3,0x00000000,2020-09-24T13:09:04.614Z,2020-09-24T13:09:04.614Z
52458,gate,Speed,0x000b,0,0x00000000,2020-09-24T13:09:04.614Z,2020-09-24T13:09:04.614Z
52459,store,DiscSize,0x0003,2,0x00000000,2020-09-24T13:09:04.685Z,2020-09-24T13:09:04.685Z
52460,rp,529,0x0007,1054416245,0x00000000,2020-09-24T13:09:04.854Z,2020-09-24T13:09:04.854Z
52461,rp,527,0x0007,1040448905,0x00000000,2020-09-24T13:09:04.857Z,2020-09-24T13:09:04.857Z
52462,rp,528,0x0007,3190239934,0x00000000,2020-09-24T13:09:04.857Z,2020-09-24T13:09:04.857Z
52463,qc,DistanceY,0x000b,47.7419329584,0x00000000,2020-09-24T13:09:04.865Z,2020-09-24T13:09:04.865Z
52464,qc,ResultCode,0x0006,1.0,0x00000000,2020-09-24T13:09:04.865Z,2020-09-24T13:09:04.865Z
52465,qc,DistanceAbs,0x000b,48.448228007,0x00000000,2020-09-24T13:09:04.865Z,2020-09-24T13:09:04.865Z
52466,qc,DistanceX,0x000b,8.242489576339999,0x00000000,2020-09-24T13:09:04.865Z,2020-09-24T13:09:04.865Z
52467,gate,Position,0x000b,0.3,0x00000000,2020-09-24T13:09:04.914Z,2020-09-24T13:09:04.914Z
52468,gate,Speed,0x000b,0,0x00000000,2020-09-24T13:09:04.914Z,2020-09-24T13:09:04.914Z
52469,gate,Safe,0x0001,true,0x00000000,2020-09-24T13:09:04.914Z,2020-09-24T13:09:04.914Z
52470,store,DiscSize,0x0003,2,0x00000000,2020-09-24T13:09:04.985Z,2020-09-24T13:09:04.985Z
52471,rp,529,0x0007,1054418396,0x00000000,2020-09-24T13:09:05.102Z,2020-09-24T13:09:05.102Z
52472,rp,528,0x0007,3190238862,0x00000000,2020-09-24T13:09:05.107Z,2020-09-24T13:09:05.107Z
52473,rp,527,0x0007,1044605641,0x00000000,2020-09-24T13:09:05.110Z,2020-09-24T13:09:05.110Z
52474,qc,DistanceAbs,0x000b,48.448228007,0x00000000,2020-09-24T13:09:05.165Z,2020-09-24T13:09:05.165Z
52475,qc,DistanceX,0x000b,8.242489576339999,0x00000000,2020-09-24T13:09:05.165Z,2020-09-24T13:09:05.165Z
52476,qc,DistanceY,0x000b,47.7419329584,0x00000000,2020-09-24T13:09:05.165Z,2020-09-24T13:09:05.165Z
52477,qc,ResultCode,0x0006,1.0,0x00000000,2020-09-24T13:09:05.165Z,2020-09-24T13:09:05.165Z
52478,gate,Speed,0x000b,0,0x00000000,2020-09-24T13:09:05.214Z,2020-09-24T13:09:05.214Z
52479,gate,Safe,0x0001,true,0x00000000,2020-09-24T13:09:05.214Z,2020-09-24T13:09:05.214Z
52480,gate,Position,0x000b,0.3,0x00000000,2020-09-24T13:09:05.214Z,2020-09-24T13:09:05.214Z
52481,store,DiscSize,0x0003,2,0x00000000,2020-09-24T13:09:05.285Z,2020-09-24T13:09:05.285Z
52482,rp,529,0x0007,1054416502,0x00000000,2020-09-24T13:09:05.352Z,2020-09-24T13:09:05.352Z
52483,rp,528,0x0007,3190239414,0x00000000,2020-09-24T13:09:05.352Z,2020-09-24T13:09:05.352Z
52484,rp,527,0x0007,1048605331,0x00000000,2020-09-24T13:09:05.355Z,2020-09-24T13:09:05.355Z
52485,qc,DistanceAbs,0x000b,48.448228007,0x00000000,2020-09-24T13:09:05.465Z,2020-09-24T13:09:05.465Z
52486,qc,DistanceX,0x000b,8.242489576339999,0x00000000,2020-09-24T13:09:05.465Z,2020-09-24T13:09:05.465Z
52487,qc,DistanceY,0x000b,47.7419329584,0x00000000,2020-09-24T13:09:05.465Z,2020-09-24T13:09:05.465Z
52488,qc,ResultCode,0x0006,1.0,0x00000000,2020-09-24T13:09:05.465Z,2020-09-24T13:09:05.465Z
52489,gate,Safe,0x0001,true,0x00000000,2020-09-24T13:09:05.514Z,2020-09-24T13:09:05.514Z
52490,gate,Speed,0x000b,0,0x00000000,2020-09-24T13:09:05.514Z,2020-09-24T13:09:05.514Z
52491,gate,Position,0x000b,0.3,0x00000000,2020-09-24T13:09:05.514Z,2020-09-24T13:09:05.514Z
52492,store,DiscSize,0x0003,0,0x00000000,2020-09-24T13:09:05.585Z,2020-09-24T13:09:05.585Z
52493,rp,529,0x0007,1054410406,0x00000000,2020-09-24T13:09:05.603Z,2020-09-24T13:09:05.603Z
52494,rp,528,0x0007,3190240368,0x00000000,2020-09-24T13:09:05.603Z,2020-09-24T13:09:05.603Z
52495,rp,527,0x0007,1050472930,0x00000000,2020-09-24T13:09:05.605Z,2020-09-24T13:09:05.605Z
52496,qc,DistanceAbs,0x000b,48.448228007,0x00000000,2020-09-24T13:09:05.765Z,2020-09-24T13:09:05.765Z
52497,qc,DistanceY,0x000b,47.7419329584,0x00000000,2020-09-24T13:09:05.765Z,2020-09-24T13:09:05.765Z
52498,qc,ResultCode,0x0006,1.0,0x00000000,2020-09-24T13:09:05.765Z,2020-09-24T13:09:05.765Z
52499,qc,DistanceX,0x000b,8.242489576339999,0x00000000,2020-09-24T13:09:05.765Z,2020-09-24T13:09:05.765Z
52500,gate,Speed,0x000b,0,0x00000000,2020-09-24T13:09:05.814Z,2020-09-24T13:09:05.814Z
52501,gate,Safe,0x0001,true,0x00000000,2020-09-24T13:09:05.814Z,2020-09-24T13:09:05.814Z
52502,gate,Position,0x000b,0.3,0x00000000,2020-09-24T13:09:05.814Z,2020-09-24T13:09:05.814Z
52503,rp,528,0x0007,3189952509,0x00000000,2020-09-24T13:09:05.853Z,2020-09-24T13:09:05.853Z
52504,rp,529,0x0007,1053927153,0x00000000,2020-09-24T13:09:05.853Z,2020-09-24T13:09:05.853Z
52505,rp,527,0x0007,1050716848,0x00000000,2020-09-24T13:09:05.856Z,2020-09-24T13:09:05.856Z
52506,store,DiscSize,0x0003,0,0x00000000,2020-09-24T13:09:05.885Z,2020-09-24T13:09:05.885Z
52507,qc,DistanceAbs,0x000b,48.448228007,0x00000000,2020-09-24T13:09:06.065Z,2020-09-24T13:09:06.065Z
52508,qc,DistanceX,0x000b,8.242489576339999,0x00000000,2020-09-24T13:09:06.065Z,2020-09-24T13:09:06.065Z
52509,qc,DistanceY,0x000b,47.7419329584,0x00000000,2020-09-24T13:09:06.065Z,2020-09-24T13:09:06.065Z
52510,qc,ResultCode,0x0006,1.0,0x00000000,2020-09-24T13:09:06.065Z,2020-09-24T13:09:06.065Z
52511,rp,529,0x0007,1052100102,0x00000000,2020-09-24T13:09:06.103Z,2020-09-24T13:09:06.103Z
52512,rp,528,0x0007,3188816611,0x00000000,2020-09-24T13:09:06.104Z,2020-09-24T13:09:06.104Z
52513,rp,527,0x0007,1051086753,0x00000000,2020-09-24T13:09:06.107Z,2020-09-24T13:09:06.107Z
52514,gate,Position,0x000b,0.3,0x00000000,2020-09-24T13:09:06.114Z,2020-09-24T13:09:06.114Z
52515,gate,Speed,0x000b,0,0x00000000,2020-09-24T13:09:06.114Z,2020-09-24T13:09:06.114Z
52516,gate,Safe,0x0001,true,0x00000000,2020-09-24T13:09:06.114Z,2020-09-24T13:09:06.114Z
52517,store,DiscSize,0x0003,0,0x00000000,2020-09-24T13:09:06.185Z,2020-09-24T13:09:06.185Z
52518,rp,529,0x0007,1051726166,0x00000000,2020-09-24T13:09:06.354Z,2020-09-24T13:09:06.354Z
52519,rp,528,0x0007,3188581750,0x00000000,2020-09-24T13:09:06.357Z,2020-09-24T13:09:06.357Z
52520,rp,527,0x0007,1051168535,0x00000000,2020-09-24T13:09:06.357Z,2020-09-24T13:09:06.357Z
52521,qc,DistanceY,0x000b,47.7419329584,0x00000000,2020-09-24T13:09:06.365Z,2020-09-24T13:09:06.365Z
52522,qc,ResultCode,0x0006,1.0,0x00000000,2020-09-24T13:09:06.365Z,2020-09-24T13:09:06.365Z
52523,qc,DistanceX,0x000b,8.242489576339999,0x00000000,2020-09-24T13:09:06.365Z,2020-09-24T13:09:06.365Z
52524,qc,DistanceAbs,0x000b,48.448228007,0x00000000,2020-09-24T13:09:06.365Z,2020-09-24T13:09:06.365Z
52525,gate,Safe,0x0001,true,0x00000000,2020-09-24T13:09:06.414Z,2020-09-24T13:09:06.414Z
52526,gate,Position,0x000b,0.3,0x00000000,2020-09-24T13:09:06.414Z,2020-09-24T13:09:06.414Z
52527,gate,Speed,0x000b,0,0x00000000,2020-09-24T13:09:06.414Z,2020-09-24T13:09:06.414Z
52528,store,DiscSize,0x0003,0,0x00000000,2020-09-24T13:09:06.485Z,2020-09-24T13:09:06.485Z
52529,rp,529,0x0007,1051730627,0x00000000,2020-09-24T13:09:06.602Z,2020-09-24T13:09:06.602Z
52530,rp,528,0x0007,3188582905,0x00000000,2020-09-24T13:09:06.602Z,2020-09-24T13:09:06.602Z
52531,rp,527,0x0007,1051168542,0x00000000,2020-09-24T13:09:06.605Z,2020-09-24T13:09:06.605Z
52532,qc,ResultCode,0x0006,1.0,0x00000000,2020-09-24T13:09:06.665Z,2020-09-24T13:09:06.665Z
52533,qc,DistanceY,0x000b,47.7419329584,0x00000000,2020-09-24T13:09:06.665Z,2020-09-24T13:09:06.665Z
52534,qc,DistanceX,0x000b,8.242489576339999,0x00000000,2020-09-24T13:09:06.665Z,2020-09-24T13:09:06.665Z
52535,qc,DistanceAbs,0x000b,48.448228007,0x00000000,2020-09-24T13:09:06.665Z,2020-09-24T13:09:06.665Z
52536,gate,Position,0x000b,0.3,0x00000000,2020-09-24T13:09:06.714Z,2020-09-24T13:09:06.714Z
52537,gate,Speed,0x000b,0,0x00000000,2020-09-24T13:09:06.714Z,2020-09-24T13:09:06.714Z
52538,gate,Safe,0x0001,true,0x00000000,2020-09-24T13:09:06.714Z,2020-09-24T13:09:06.714Z
52539,store,DiscSize,0x0003,0,0x00000000,2020-09-24T13:09:06.785Z,2020-09-24T13:09:06.785Z
52540,rp,528,0x0007,3188583256,0x00000000,2020-09-24T13:09:06.853Z,2020-09-24T13:09:06.853Z
52541,rp,529,0x0007,1051729792,0x00000000,2020-09-24T13:09:06.853Z,2020-09-24T13:09:06.853Z
52542,rp,527,0x0007,1051168564,0x00000000,2020-09-24T13:09:06.855Z,2020-09-24T13:09:06.855Z
52543,qc,DistanceX,0x000b,8.242489576339999,0x00000000,2020-09-24T13:09:06.965Z,2020-09-24T13:09:06.965Z
52544,qc,DistanceY,0x000b,47.7419329584,0x00000000,2020-09-24T13:09:06.965Z,2020-09-24T13:09:06.965Z
52545,qc,ResultCode,0x0006,1.0,0x00000000,2020-09-24T13:09:06.965Z,2020-09-24T13:09:06.965Z
52546,qc,DistanceAbs,0x000b,48.448228007,0x00000000,2020-09-24T13:09:06.965Z,2020-09-24T13:09:06.965Z
52547,gate,Position,0x000b,0.3,0x00000000,2020-09-24T13:09:07.014Z,2020-09-24T13:09:07.014Z
52548,gate,Speed,0x000b,0,0x00000000,2020-09-24T13:09:07.014Z,2020-09-24T13:09:07.014Z
52549,gate,Safe,0x0001,true,0x00000000,2020-09-24T13:09:07.014Z,2020-09-24T13:09:07.014Z
52550,store,DiscSize,0x0003,0,0x00000000,2020-09-24T13:09:07.085Z,2020-09-24T13:09:07.085Z
52551,rp,529,0x0007,1051931041,0x00000000,2020-09-24T13:09:07.103Z,2020-09-24T13:09:07.103Z
52552,rp,528,0x0007,3188551883,0x00000000,2020-09-24T13:09:07.103Z,2020-09-24T13:09:07.103Z
52553,rp,527,0x0007,1051142333,0x00000000,2020-09-24T13:09:07.106Z,2020-09-24T13:09:07.106Z
52554,qc,DistanceAbs,0x000b,48.448228007,0x00000000,2020-09-24T13:09:07.265Z,2020-09-24T13:09:07.265Z
52555,qc,DistanceX,0x000b,8.242489576339999,0x00000000,2020-09-24T13:09:07.265Z,2020-09-24T13:09:07.265Z
52556,qc,DistanceY,0x000b,47.7419329584,0x00000000,2020-09-24T13:09:07.265Z,2020-09-24T13:09:07.265Z
52557,qc,ResultCode,0x0006,1.0,0x00000000,2020-09-24T13:09:07.265Z,2020-09-24T13:09:07.265Z
52558,gate,Speed,0x000b,0,0x00000000,2020-09-24T13:09:07.314Z,2020-09-24T13:09:07.314Z
52559,gate,Position,0x000b,0.3,0x00000000,2020-09-24T13:09:07.314Z,2020-09-24T13:09:07.314Z
52560,gate,Safe,0x0001,true,0x00000000,2020-09-24T13:09:07.314Z,2020-09-24T13:09:07.314Z
52561,rp,529,0x0007,1053201651,0x00000000,2020-09-24T13:09:07.354Z,2020-09-24T13:09:07.354Z
52562,rp,528,0x0007,3188347434,0x00000000,2020-09-24T13:09:07.354Z,2020-09-24T13:09:07.354Z
52563,rp,527,0x0007,1050977172,0x00000000,2020-09-24T13:09:07.357Z,2020-09-24T13:09:07.357Z
52564,store,DiscSize,0x0003,0,0x00000000,2020-09-24T13:09:07.385Z,2020-09-24T13:09:07.385Z
52565,qc,DistanceX,0x000b,8.242489576339999,0x00000000,2020-09-24T13:09:07.565Z,2020-09-24T13:09:07.565Z
52566,qc,DistanceAbs,0x000b,48.448228007,0x00000000,2020-09-24T13:09:07.565Z,2020-09-24T13:09:07.565Z
52567,qc,DistanceY,0x000b,47.7419329584,0x00000000,2020-09-24T13:09:07.565Z,2020-09-24T13:09:07.565Z
52568,qc,ResultCode,0x0006,1.0,0x00000000,2020-09-24T13:09:07.565Z,2020-09-24T13:09:07.565Z
52569,rp,529,0x0007,1053559725,0x00000000,2020-09-24T13:09:07.604Z,2020-09-24T13:09:07.604Z
52570,rp,528,0x0007,3189382204,0x00000000,2020-09-24T13:09:07.604Z,2020-09-24T13:09:07.604Z
52571,rp,527,0x0007,1050005289,0x00000000,2020-09-24T13:09:07.607Z,2020-09-24T13:09:07.607Z
52572,gate,Safe,0x0001,true,0x00000000,2020-09-24T13:09:07.614Z,2020-09-24T13:09:07.614Z
52573,gate,Speed,0x000b,0,0x00000000,2020-09-24T13:09:07.614Z,2020-09-24T13:09:07.614Z
52574,gate,Position,0x000b,0.3,0x00000000,2020-09-24T13:09:07.614Z,2020-09-24T13:09:07.614Z
52575,store,DiscSize,0x0003,0,0x00000000,2020-09-24T13:09:07.685Z,2020-09-24T13:09:07.685Z
52576,rp,529,0x0007,1054365060,0x00000000,2020-09-24T13:09:07.852Z,2020-09-24T13:09:07.852Z
52577,rp,528,0x0007,3191457710,0x00000000,2020-09-24T13:09:07.855Z,2020-09-24T13:09:07.855Z
52578,rp,527,0x0007,1044090709,0x00000000,2020-09-24T13:09:07.857Z,2020-09-24T13:09:07.857Z
52579,qc,DistanceY,0x000b,47.7419329584,0x00000000,2020-09-24T13:09:07.865Z,2020-09-24T13:09:07.865Z
52580,qc,DistanceAbs,0x000b,48.448228007,0x00000000,2020-09-24T13:09:07.865Z,2020-09-24T13:09:07.865Z
52581,qc,DistanceX,0x000b,8.242489576339999,0x00000000,2020-09-24T13:09:07.865Z,2020-09-24T13:09:07.865Z
52582,qc,ResultCode,0x0006,1.0,0x00000000,2020-09-24T13:09:07.865Z,2020-09-24T13:09:07.865Z
52583,gate,Position,0x000b,0.3,0x00000000,2020-09-24T13:09:07.914Z,2020-09-24T13:09:07.914Z
52584,gate,Speed,0x000b,0,0x00000000,2020-09-24T13:09:07.914Z,2020-09-24T13:09:07.914Z
52585,gate,Safe,0x0001,true,0x00000000,2020-09-24T13:09:07.914Z,2020-09-24T13:09:07.914Z
52586,store,DiscSize,0x0003,0,0x00000000,2020-09-24T13:09:07.985Z,2020-09-24T13:09:07.985Z
52587,rp,529,0x0007,1054524380,0x00000000,2020-09-24T13:09:08.102Z,2020-09-24T13:09:08.102Z
52588,rp,528,0x0007,3190934966,0x00000000,2020-09-24T13:09:08.103Z,2020-09-24T13:09:08.103Z
52589,rp,527,0x0007,1032624983,0x00000000,2020-09-24T13:09:08.105Z,2020-09-24T13:09:08.105Z
52590,qc,DistanceY,0x000b,47.7419329584,0x00000000,2020-09-24T13:09:08.165Z,2020-09-24T13:09:08.165Z
52591,qc,DistanceX,0x000b,8.242489576339999,0x00000000,2020-09-24T13:09:08.165Z,2020-09-24T13:09:08.165Z
52592,qc,DistanceAbs,0x000b,48.448228007,0x00000000,2020-09-24T13:09:08.165Z,2020-09-24T13:09:08.165Z
52593,qc,ResultCode,0x0006,1.0,0x00000000,2020-09-24T13:09:08.165Z,2020-09-24T13:09:08.165Z
52594,gate,Position,0x000b,0.3,0x00000000,2020-09-24T13:09:08.214Z,2020-09-24T13:09:08.214Z
52595,gate,Safe,0x0001,true,0x00000000,2020-09-24T13:09:08.214Z,2020-09-24T13:09:08.214Z
52596,gate,Speed,0x000b,0,0x00000000,2020-09-24T13:09:08.214Z,2020-09-24T13:09:08.214Z
52597,store,DiscSize,0x0003,0,0x00000000,2020-09-24T13:09:08.285Z,2020-09-24T13:09:08.285Z
52598,rp,529,0x0007,1054421565,0x00000000,2020-09-24T13:09:08.353Z,2020-09-24T13:09:08.353Z
52599,rp,528,0x0007,3190232958,0x00000000,2020-09-24T13:09:08.353Z,2020-09-24T13:09:08.353Z
52600,rp,527,0x0007,1024517106,0x00000000,2020-09-24T13:09:08.356Z,2020-09-24T13:09:08.356Z
52601,qc,DistanceX,0x000b,8.242489576339999,0x00000000,2020-09-24T13:09:08.465Z,2020-09-24T13:09:08.465Z
52602,qc,DistanceY,0x000b,47.7419329584,0x00000000,2020-09-24T13:09:08.465Z,2020-09-24T13:09:08.465Z
52603,qc,DistanceAbs,0x000b,48.448228007,0x00000000,2020-09-24T13:09:08.465Z,2020-09-24T13:09:08.465Z
52604,qc,ResultCode,0x0006,1.0,0x00000000,2020-09-24T13:09:08.465Z,2020-09-24T13:09:08.465Z
52605,gate,Speed,0x000b,0,0x00000000,2020-09-24T13:09:08.514Z,2020-09-24T13:09:08.514Z
52606,gate,Position,0x000b,0.3,0x00000000,2020-09-24T13:09:08.514Z,2020-09-24T13:09:08.514Z
52607,gate,Safe,0x0001,true,0x00000000,2020-09-24T13:09:08.514Z,2020-09-24T13:09:08.514Z
52608,store,DiscSize,0x0003,1,0x00000000,2020-09-24T13:09:08.585Z,2020-09-24T13:09:08.585Z
52609,rp,529,0x0007,1054419393,0x00000000,2020-09-24T13:09:08.603Z,2020-09-24T13:09:08.603Z
52610,rp,528,0x0007,3190260148,0x00000000,2020-09-24T13:09:08.604Z,2020-09-24T13:09:08.604Z
52611,rp,527,0x0007,1024424534,0x00000000,2020-09-24T13:09:08.606Z,2020-09-24T13:09:08.606Z
52612,qc,DistanceX,0x000b,8.242489576339999,0x00000000,2020-09-24T13:09:08.765Z,2020-09-24T13:09:08.765Z
52613,qc,DistanceAbs,0x000b,48.448228007,0x00000000,2020-09-24T13:09:08.765Z,2020-09-24T13:09:08.765Z
52614,qc,ResultCode,0x0006,1.0,0x00000000,2020-09-24T13:09:08.765Z,2020-09-24T13:09:08.765Z
52615,qc,DistanceY,0x000b,47.7419329584,0x00000000,2020-09-24T13:09:08.765Z,2020-09-24T13:09:08.765Z
52616,gate,Speed,0x000b,0,0x00000000,2020-09-24T13:09:08.814Z,2020-09-24T13:09:08.814Z
52617,gate,Position,0x000b,0.3,0x00000000,2020-09-24T13:09:08.814Z,2020-09-24T13:09:08.814Z
52618,gate,Safe,0x0001,true,0x00000000,2020-09-24T13:09:08.814Z,2020-09-24T13:09:08.814Z
52619,rp,529,0x0007,1054423510,0x00000000,2020-09-24T13:09:08.854Z,2020-09-24T13:09:08.854Z
52620,rp,528,0x0007,3190679567,0x00000000,2020-09-24T13:09:08.856Z,2020-09-24T13:09:08.856Z
52621,rp,527,0x0007,1013881712,0x00000000,2020-09-24T13:09:08.857Z,2020-09-24T13:09:08.857Z
52622,store,DiscSize,0x0003,1,0x00000000,2020-09-24T13:09:08.885Z,2020-09-24T13:09:08.885Z
52623,qc,DistanceY,0x000b,47.7419329584,0x00000000,2020-09-24T13:09:09.065Z,2020-09-24T13:09:09.065Z
52624,qc,DistanceAbs,0x000b,48.448228007,0x00000000,2020-09-24T13:09:09.065Z,2020-09-24T13:09:09.065Z
52625,qc,DistanceX,0x000b,8.242489576339999,0x00000000,2020-09-24T13:09:09.065Z,2020-09-24T13:09:09.065Z
52626,qc,ResultCode,0x0006,1.0,0x00000000,2020-09-24T13:09:09.065Z,2020-09-24T13:09:09.065Z
52627,rp,529,0x0007,1054427948,0x00000000,2020-09-24T13:09:09.104Z,2020-09-24T13:09:09.104Z
52628,rp,528,0x0007,3190977401,0x00000000,2020-09-24T13:09:09.107Z,2020-09-24T13:09:09.107Z
52629,rp,527,0x0007,3172677217,0x00000000,2020-09-24T13:09:09.110Z,2020-09-24T13:09:09.110Z
52630,gate,Position,0x000b,0.3,0x00000000,2020-09-24T13:09:09.114Z,2020-09-24T13:09:09.114Z
52631,gate,Speed,0x000b,0,0x00000000,2020-09-24T13:09:09.114Z,2020-09-24T13:09:09.114Z
52632,gate,Safe,0x0001,true,0x00000000,2020-09-24T13:09:09.114Z,2020-09-24T13:09:09.114Z
52633,store,DiscSize,0x0003,1,0x00000000,2020-09-24T13:09:09.185Z,2020-09-24T13:09:09.185Z
52634,rp,529,0x0007,1054421756,0x00000000,2020-09-24T13:09:09.352Z,2020-09-24T13:09:09.352Z
52635,rp,528,0x0007,3190485066,0x00000000,2020-09-24T13:09:09.355Z,2020-09-24T13:09:09.355Z
52636,rp,527,0x0007,3181334248,0x00000000,2020-09-24T13:09:09.357Z,2020-09-24T13:09:09.357Z
52637,qc,DistanceAbs,0x000b,48.448228007,0x00000000,2020-09-24T13:09:09.365Z,2020-09-24T13:09:09.365Z
52638,qc,ResultCode,0x0006,1.0,0x00000000,2020-09-24T13:09:09.365Z,2020-09-24T13:09:09.365Z
52639,qc,DistanceY,0x000b,47.7419329584,0x00000000,2020-09-24T13:09:09.365Z,2020-09-24T13:09:09.365Z
52640,qc,DistanceX,0x000b,8.242489576339999,0x00000000,2020-09-24T13:09:09.365Z,2020-09-24T13:09:09.365Z
52641,gate,Speed,0x000b,0,0x00000000,2020-09-24T13:09:09.414Z,2020-09-24T13:09:09.414Z
52642,gate,Position,0x000b,0.3,0x00000000,2020-09-24T13:09:09.414Z,2020-09-24T13:09:09.414Z
52643,gate,Safe,0x0001,true,0x00000000,2020-09-24T13:09:09.414Z,2020-09-24T13:09:09.414Z
52644,store,DiscSize,0x0003,1,0x00000000,2020-09-24T13:09:09.485Z,2020-09-24T13:09:09.485Z
52645,rp,529,0x0007,1054413811,0x00000000,2020-09-24T13:09:09.602Z,2020-09-24T13:09:09.602Z
52646,rp,528,0x0007,3190228207,0x00000000,2020-09-24T13:09:09.603Z,2020-09-24T13:09:09.603Z
52647,rp,527,0x0007,3182955716,0x00000000,2020-09-24T13:09:09.605Z,2020-09-24T13:09:09.605Z
52648,qc,DistanceX,0x000b,8.242489576339999,0x00000000,2020-09-24T13:09:09.665Z,2020-09-24T13:09:09.665Z
52649,qc,DistanceY,0x000b,47.7419329584,0x00000000,2020-09-24T13:09:09.665Z,2020-09-24T13:09:09.665Z
52650,qc,ResultCode,0x0006,1.0,0x00000000,2020-09-24T13:09:09.665Z,2020-09-24T13:09:09.665Z
52651,qc,DistanceAbs,0x000b,48.448228007,0x00000000,2020-09-24T13:09:09.665Z,2020-09-24T13:09:09.665Z
52652,gate,Speed,0x000b,0,0x00000000,2020-09-24T13:09:09.714Z,2020-09-24T13:09:09.714Z
52653,gate,Position,0x000b,0.3,0x00000000,2020-09-24T13:09:09.714Z,2020-09-24T13:09:09.714Z
52654,gate,Safe,0x0001,true,0x00000000,2020-09-24T13:09:09.714Z,2020-09-24T13:09:09.714Z
52655,store,DiscSize,0x0003,1,0x00000000,2020-09-24T13:09:09.785Z,2020-09-24T13:09:09.785Z
52656,rp,528,0x0007,3189663626,0x00000000,2020-09-24T13:09:09.853Z,2020-09-24T13:09:09.853Z
52657,rp,529,0x0007,1054310338,0x00000000,2020-09-24T13:09:09.853Z,2020-09-24T13:09:09.853Z
52658,rp,527,0x0007,3188328064,0x00000000,2020-09-24T13:09:09.856Z,2020-09-24T13:09:09.856Z
52659,qc,DistanceX,0x000b,8.242489576339999,0x00000000,2020-09-24T13:09:09.965Z,2020-09-24T13:09:09.965Z
52660,qc,DistanceY,0x000b,47.7419329584,0x00000000,2020-09-24T13:09:09.965Z,2020-09-24T13:09:09.965Z
52661,qc,ResultCode,0x0006,1.0,0x00000000,2020-09-24T13:09:09.965Z,2020-09-24T13:09:09.965Z
52662,qc,DistanceAbs,0x000b,48.448228007,0x00000000,2020-09-24T13:09:09.965Z,2020-09-24T13:09:09.965Z
52663,gate,Speed,0x000b,0,0x00000000,2020-09-24T13:09:10.014Z,2020-09-24T13:09:10.014Z
52664,gate,Safe,0x0001,true,0x00000000,2020-09-24T13:09:10.014Z,2020-09-24T13:09:10.014Z
52665,gate,Position,0x000b,0.3,0x00000000,2020-09-24T13:09:10.014Z,2020-09-24T13:09:10.014Z
52666,store,DiscSize,0x0003,1,0x00000000,2020-09-24T13:09:10.085Z,2020-09-24T13:09:10.085Z
52667,rp,529,0x0007,1054166717,0x00000000,2020-09-24T13:09:10.103Z,2020-09-24T13:09:10.103Z
52668,rp,527,0x0007,3192551505,0x00000000,2020-09-24T13:09:10.106Z,2020-09-24T13:09:10.106Z
52669,rp,528,0x0007,3188894889,0x00000000,2020-09-24T13:09:10.106Z,2020-09-24T13:09:10.106Z
52670,qc,DistanceY,0x000b,47.7419329584,0x00000000,2020-09-24T13:09:10.265Z,2020-09-24T13:09:10.265Z
52671,qc,ResultCode,0x0006,1.0,0x00000000,2020-09-24T13:09:10.265Z,2020-09-24T13:09:10.265Z
52672,qc,DistanceAbs,0x000b,48.448228007,0x00000000,2020-09-24T13:09:10.265Z,2020-09-24T13:09:10.265Z
52673,qc,DistanceX,0x000b,8.242489576339999,0x00000000,2020-09-24T13:09:10.265Z,2020-09-24T13:09:10.265Z
52674,gate,Speed,0x000b,0,0x00000000,2020-09-24T13:09:10.314Z,2020-09-24T13:09:10.314Z
52675,gate,Safe,0x0001,true,0x00000000,2020-09-24T13:09:10.314Z,2020-09-24T13:09:10.314Z
52676,gate,Position,0x000b,0.3,0x00000000,2020-09-24T13:09:10.314Z,2020-09-24T13:09:10.314Z
52677,rp,528,0x0007,3188141448,0x00000000,2020-09-24T13:09:10.354Z,2020-09-24T13:09:10.354Z
52678,rp,529,0x0007,1054017989,0x00000000,2020-09-24T13:09:10.354Z,2020-09-24T13:09:10.354Z
52679,rp,527,0x0007,3196283044,0x00000000,2020-09-24T13:09:10.356Z,2020-09-24T13:09:10.356Z
52680,store,DiscSize,0x0003,1,0x00000000,2020-09-24T13:09:10.385Z,2020-09-24T13:09:10.385Z
52681,qc,DistanceAbs,0x000b,48.448228007,0x00000000,2020-09-24T13:09:10.565Z,2020-09-24T13:09:10.565Z
52682,qc,DistanceX,0x000b,8.242489576339999,0x00000000,2020-09-24T13:09:10.565Z,2020-09-24T13:09:10.565Z
52683,qc,DistanceY,0x000b,47.7419329584,0x00000000,2020-09-24T13:09:10.565Z,2020-09-24T13:09:10.565Z
52684,qc,ResultCode,0x0006,1.0,0x00000000,2020-09-24T13:09:10.565Z,2020-09-24T13:09:10.565Z
52685,rp,529,0x0007,1053892418,0x00000000,2020-09-24T13:09:10.602Z,2020-09-24T13:09:10.602Z
52686,rp,528,0x0007,3187300104,0x00000000,2020-09-24T13:09:10.605Z,2020-09-24T13:09:10.605Z
52687,rp,527,0x0007,3198043926,0x00000000,2020-09-24T13:09:10.607Z,2020-09-24T13:09:10.607Z
52688,gate,Speed,0x000b,0,0x00000000,2020-09-24T13:09:10.614Z,2020-09-24T13:09:10.614Z
52689,gate,Position,0x000b,0.3,0x00000000,2020-09-24T13:09:10.614Z,2020-09-24T13:09:10.614Z
52690,gate,Safe,0x0001,true,0x00000000,2020-09-24T13:09:10.614Z,2020-09-24T13:09:10.614Z
52691,store,DiscSize,0x0003,1,0x00000000,2020-09-24T13:09:10.685Z,2020-09-24T13:09:10.685Z
52692,rp,529,0x0007,1053884686,0x00000000,2020-09-24T13:09:10.852Z,2020-09-24T13:09:10.852Z
52693,rp,528,0x0007,3187241700,0x00000000,2020-09-24T13:09:10.853Z,2020-09-24T13:09:10.853Z
52694,rp,527,0x0007,3198145438,0x00000000,2020-09-24T13:09:10.855Z,2020-09-24T13:09:10.855Z
52695,qc,DistanceAbs,0x000b,48.448228007,0x00000000,2020-09-24T13:09:10.865Z,2020-09-24T13:09:10.865Z
52696,qc,DistanceX,0x000b,8.242489576339999,0x00000000,2020-09-24T13:09:10.865Z,2020-09-24T13:09:10.865Z
52697,qc,DistanceY,0x000b,47.7419329584,0x00000000,2020-09-24T13:09:10.865Z,2020-09-24T13:09:10.865Z
52698,qc,ResultCode,0x0006,1.0,0x00000000,2020-09-24T13:09:10.865Z,2020-09-24T13:09:10.865Z
52699,gate,Position,0x000b,0.3,0x00000000,2020-09-24T13:09:10.914Z,2020-09-24T13:09:10.914Z
52700,gate,Speed,0x000b,0,0x00000000,2020-09-24T13:09:10.914Z,2020-09-24T13:09:10.914Z
52701,gate,Safe,0x0001,true,0x00000000,2020-09-24T13:09:10.914Z,2020-09-24T13:09:10.914Z
52702,store,DiscSize,0x0003,1,0x00000000,2020-09-24T13:09:10.985Z,2020-09-24T13:09:10.985Z
52703,rp,528,0x0007,3187225782,0x00000000,2020-09-24T13:09:11.103Z,2020-09-24T13:09:11.103Z
52704,rp,529,0x0007,1053891007,0x00000000,2020-09-24T13:09:11.103Z,2020-09-24T13:09:11.103Z
52705,rp,527,0x0007,3198141272,0x00000000,2020-09-24T13:09:11.106Z,2020-09-24T13:09:11.106Z
52706,qc,DistanceX,0x000b,8.242489576339999,0x00000000,2020-09-24T13:09:11.165Z,2020-09-24T13:09:11.165Z
52707,qc,DistanceY,0x000b,47.7419329584,0x00000000,2020-09-24T13:09:11.165Z,2020-09-24T13:09:11.165Z
52708,qc,ResultCode,0x0006,1.0,0x00000000,2020-09-24T13:09:11.165Z,2020-09-24T13:09:11.165Z
52709,qc,DistanceAbs,0x000b,48.448228007,0x00000000,2020-09-24T13:09:11.165Z,2020-09-24T13:09:11.165Z
52710,gate,Safe,0x0001,true,0x00000000,2020-09-24T13:09:11.214Z,2020-09-24T13:09:11.214Z
52711,gate,Speed,0x000b,0,0x00000000,2020-09-24T13:09:11.214Z,2020-09-24T13:09:11.214Z
52712,gate,Position,0x000b,0.3,0x00000000,2020-09-24T13:09:11.214Z,2020-09-24T13:09:11.214Z
52713,store,DiscSize,0x0003,1,0x00000000,2020-09-24T13:09:11.285Z,2020-09-24T13:09:11.285Z
52714,rp,528,0x0007,3187228605,0x00000000,2020-09-24T13:09:11.354Z,2020-09-24T13:09:11.354Z
52715,rp,529,0x0007,1053888552,0x00000000,2020-09-24T13:09:11.354Z,2020-09-24T13:09:11.354Z
52716,rp,527,0x0007,3198142797,0x00000000,2020-09-24T13:09:11.357Z,2020-09-24T13:09:11.357Z
52717,qc,DistanceAbs,0x000b,48.448228007,0x00000000,2020-09-24T13:09:11.465Z,2020-09-24T13:09:11.465Z
52718,qc,DistanceX,0x000b,8.242489576339999,0x00000000,2020-09-24T13:09:11.465Z,2020-09-24T13:09:11.465Z
52719,qc,DistanceY,0x000b,47.7419329584,0x00000000,2020-09-24T13:09:11.465Z,2020-09-24T13:09:11.465Z
52720,qc,ResultCode,0x0006,1.0,0x00000000,2020-09-24T13:09:11.465Z,2020-09-24T13:09:11.465Z
52721,gate,Position,0x000b,0.3,0x00000000,2020-09-24T13:09:11.514Z,2020-09-24T13:09:11.514Z
52722,gate,Speed,0x000b,0,0x00000000,2020-09-24T13:09:11.514Z,2020-09-24T13:09:11.514Z
52723,gate,Safe,0x0001,true,0x00000000,2020-09-24T13:09:11.514Z,2020-09-24T13:09:11.514Z
52724,store,DiscSize,0x0003,1,0x00000000,2020-09-24T13:09:11.585Z,2020-09-24T13:09:11.585Z
52725,rp,528,0x0007,3187229008,0x00000000,2020-09-24T13:09:11.604Z,2020-09-24T13:09:11.604Z
52726,rp,529,0x0007,1053888333,0x00000000,2020-09-24T13:09:11.604Z,2020-09-24T13:09:11.604Z
52727,rp,527,0x0007,3198143015,0x00000000,2020-09-24T13:09:11.606Z,2020-09-24T13:09:11.606Z
52728,qc,DistanceX,0x000b,8.242489576339999,0x00000000,2020-09-24T13:09:11.765Z,2020-09-24T13:09:11.765Z
52729,qc,ResultCode,0x0006,1.0,0x00000000,2020-09-24T13:09:11.765Z,2020-09-24T13:09:11.765Z
52730,qc,DistanceY,0x000b,47.7419329584,0x00000000,2020-09-24T13:09:11.765Z,2020-09-24T13:09:11.765Z
52731,qc,DistanceAbs,0x000b,48.448228007,0x00000000,2020-09-24T13:09:11.765Z,2020-09-24T13:09:11.765Z
52732,gate,Safe,0x0001,true,0x00000000,2020-09-24T13:09:11.814Z,2020-09-24T13:09:11.814Z
52733,gate,Position,0x000b,0.3,0x00000000,2020-09-24T13:09:11.814Z,2020-09-24T13:09:11.814Z
52734,gate,Speed,0x000b,0,0x00000000,2020-09-24T13:09:11.814Z,2020-09-24T13:09:11.814Z
52735,rp,529,0x0007,1053888019,0x00000000,2020-09-24T13:09:11.852Z,2020-09-24T13:09:11.852Z
52736,rp,528,0x0007,3187230106,0x00000000,2020-09-24T13:09:11.855Z,2020-09-24T13:09:11.855Z
52737,rp,527,0x0007,3198143095,0x00000000,2020-09-24T13:09:11.857Z,2020-09-24T13:09:11.857Z
52738,store,DiscSize,0x0003,1,0x00000000,2020-09-24T13:09:11.885Z,2020-09-24T13:09:11.885Z
52739,qc,DistanceY,0x000b,47.7419329584,0x00000000,2020-09-24T13:09:12.065Z,2020-09-24T13:09:12.065Z
52740,qc,ResultCode,0x0006,1.0,0x00000000,2020-09-24T13:09:12.065Z,2020-09-24T13:09:12.065Z
52741,qc,DistanceX,0x000b,8.242489576339999,0x00000000,2020-09-24T13:09:12.065Z,2020-09-24T13:09:12.065Z
52742,qc,DistanceAbs,0x000b,48.448228007,0x00000000,2020-09-24T13:09:12.065Z,2020-09-24T13:09:12.065Z
52743,rp,529,0x0007,1053606217,0x00000000,2020-09-24T13:09:12.102Z,2020-09-24T13:09:12.102Z
52744,rp,528,0x0007,3187222144,0x00000000,2020-09-24T13:09:12.103Z,2020-09-24T13:09:12.103Z
52745,rp,527,0x0007,3198142947,0x00000000,2020-09-24T13:09:12.105Z,2020-09-24T13:09:12.105Z
52746,gate,Position,0x000b,0.3,0x00000000,2020-09-24T13:09:12.114Z,2020-09-24T13:09:12.114Z
52747,gate,Speed,0x000b,0,0x00000000,2020-09-24T13:09:12.114Z,2020-09-24T13:09:12.114Z
52748,gate,Safe,0x0001,true,0x00000000,2020-09-24T13:09:12.114Z,2020-09-24T13:09:12.114Z
52749,store,DiscSize,0x0003,1,0x00000000,2020-09-24T13:09:12.185Z,2020-09-24T13:09:12.185Z
52750,rp,529,0x0007,1051657485,0x00000000,2020-09-24T13:09:12.353Z,2020-09-24T13:09:12.353Z
52751,rp,528,0x0007,3187150259,0x00000000,2020-09-24T13:09:12.353Z,2020-09-24T13:09:12.353Z
52752,rp,527,0x0007,3198139975,0x00000000,2020-09-24T13:09:12.356Z,2020-09-24T13:09:12.356Z
52753,qc,DistanceAbs,0x000b,48.448228007,0x00000000,2020-09-24T13:09:12.365Z,2020-09-24T13:09:12.365Z
52754,qc,DistanceX,0x000b,8.242489576339999,0x00000000,2020-09-24T13:09:12.365Z,2020-09-24T13:09:12.365Z
52755,qc,DistanceY,0x000b,47.7419329584,0x00000000,2020-09-24T13:09:12.365Z,2020-09-24T13:09:12.365Z
52756,qc,ResultCode,0x0006,1.0,0x00000000,2020-09-24T13:09:12.365Z,2020-09-24T13:09:12.365Z
52757,gate,Position,0x000b,0.3,0x00000000,2020-09-24T13:09:12.414Z,2020-09-24T13:09:12.414Z
52758,gate,Speed,0x000b,0,0x00000000,2020-09-24T13:09:12.414Z,2020-09-24T13:09:12.414Z
52759,gate,Safe,0x0001,true,0x00000000,2020-09-24T13:09:12.414Z,2020-09-24T13:09:12.414Z
52760,store,DiscSize,0x0003,1,0x00000000,2020-09-24T13:09:12.485Z,2020-09-24T13:09:12.485Z
52761,rp,528,0x0007,3187138038,0x00000000,2020-09-24T13:09:12.604Z,2020-09-24T13:09:12.604Z
52762,rp,529,0x0007,1051183721,0x00000000,2020-09-24T13:09:12.604Z,2020-09-24T13:09:12.604Z
52763,rp,527,0x0007,3198141946,0x00000000,2020-09-24T13:09:12.606Z,2020-09-24T13:09:12.606Z
52764,qc,DistanceAbs,0x000b,48.448228007,0x00000000,2020-09-24T13:09:12.665Z,2020-09-24T13:09:12.665Z
52765,qc,ResultCode,0x0006,1.0,0x00000000,2020-09-24T13:09:12.665Z,2020-09-24T13:09:12.665Z
52766,qc,DistanceY,0x000b,47.7419329584,0x00000000,2020-09-24T13:09:12.665Z,2020-09-24T13:09:12.665Z
52767,qc,DistanceX,0x000b,8.242489576339999,0x00000000,2020-09-24T13:09:12.665Z,2020-09-24T13:09:12.665Z
52768,gate,Safe,0x0001,true,0x00000000,2020-09-24T13:09:12.714Z,2020-09-24T13:09:12.714Z
52769,gate,Speed,0x000b,0,0x00000000,2020-09-24T13:09:12.714Z,2020-09-24T13:09:12.714Z
52770,gate,Position,0x000b,0.3,0x00000000,2020-09-24T13:09:12.714Z,2020-09-24T13:09:12.714Z
52771,store,DiscSize,0x0003,1,0x00000000,2020-09-24T13:09:12.785Z,2020-09-24T13:09:12.785Z
52772,rp,529,0x0007,1051186299,0x00000000,2020-09-24T13:09:12.854Z,2020-09-24T13:09:12.854Z
52773,rp,528,0x0007,3187139133,0x00000000,2020-09-24T13:09:12.854Z,2020-09-24T13:09:12.854Z
52774,rp,527,0x0007,3198142792,0x00000000,2020-09-24T13:09:12.857Z,2020-09-24T13:09:12.857Z
52775,qc,DistanceAbs,0x000b,48.448228007,0x00000000,2020-09-24T13:09:12.965Z,2020-09-24T13:09:12.965Z
52776,qc,ResultCode,0x0006,1.0,0x00000000,2020-09-24T13:09:12.965Z,2020-09-24T13:09:12.965Z
52777,qc,DistanceY,0x000b,47.7419329584,0x00000000,2020-09-24T13:09:12.965Z,2020-09-24T13:09:12.965Z
52778,qc,DistanceX,0x000b,8.242489576339999,0x00000000,2020-09-24T13:09:12.965Z,2020-09-24T13:09:12.965Z
52779,gate,Position,0x000b,0.3,0x00000000,2020-09-24T13:09:13.014Z,2020-09-24T13:09:13.014Z
52780,gate,Safe,0x0001,true,0x00000000,2020-09-24T13:09:13.014Z,2020-09-24T13:09:13.014Z
52781,gate,Speed,0x000b,0,0x00000000,2020-09-24T13:09:13.014Z,2020-09-24T13:09:13.014Z
52782,store,DiscSize,0x0003,1,0x00000000,2020-09-24T13:09:13.085Z,2020-09-24T13:09:13.085Z
52783,rp,529,0x0007,1051183750,0x00000000,2020-09-24T13:09:13.102Z,2020-09-24T13:09:13.102Z
52784,rp,528,0x0007,3187139329,0x00000000,2020-09-24T13:09:13.105Z,2020-09-24T13:09:13.105Z
52785,rp,527,0x0007,3198143374,0x00000000,2020-09-24T13:09:13.107Z,2020-09-24T13:09:13.107Z
52786,qc,ResultCode,0x0006,1.0,0x00000000,2020-09-24T13:09:13.265Z,2020-09-24T13:09:13.265Z
52787,qc,DistanceY,0x000b,47.7419329584,0x00000000,2020-09-24T13:09:13.265Z,2020-09-24T13:09:13.265Z
52788,qc,DistanceX,0x000b,8.242489576339999,0x00000000,2020-09-24T13:09:13.265Z,2020-09-24T13:09:13.265Z
52789,qc,DistanceAbs,0x000b,48.448228007,0x00000000,2020-09-24T13:09:13.265Z,2020-09-24T13:09:13.265Z
52790,gate,Speed,0x000b,0,0x00000000,2020-09-24T13:09:13.314Z,2020-09-24T13:09:13.314Z
52791,gate,Safe,0x0001,true,0x00000000,2020-09-24T13:09:13.314Z,2020-09-24T13:09:13.314Z
52792,gate,Position,0x000b,0.3,0x00000000,2020-09-24T13:09:13.314Z,2020-09-24T13:09:13.314Z
52793,rp,529,0x0007,1051299940,0x00000000,2020-09-24T13:09:13.352Z,2020-09-24T13:09:13.352Z
52794,rp,528,0x0007,3187006924,0x00000000,2020-09-24T13:09:13.353Z,2020-09-24T13:09:13.353Z
52795,rp,527,0x0007,3198144163,0x00000000,2020-09-24T13:09:13.355Z,2020-09-24T13:09:13.355Z
52796,store,DiscSize,0x0003,1,0x00000000,2020-09-24T13:09:13.385Z,2020-09-24T13:09:13.385Z
52797,qc,DistanceY,0x000b,47.7419329584,0x00000000,2020-09-24T13:09:13.565Z,2020-09-24T13:09:13.565Z
52798,qc,DistanceX,0x000b,8.242489576339999,0x00000000,2020-09-24T13:09:13.565Z,2020-09-24T13:09:13.565Z
52799,qc,ResultCode,0x0006,1.0,0x00000000,2020-09-24T13:09:13.565Z,2020-09-24T13:09:13.565Z
52800,qc,DistanceAbs,0x000b,48.448228007,0x00000000,2020-09-24T13:09:13.565Z,2020-09-24T13:09:13.565Z
52801,rp,529,0x0007,1052231290,0x00000000,2020-09-24T13:09:13.603Z,2020-09-24T13:09:13.603Z
52802,rp,528,0x0007,3186860173,0x00000000,2020-09-24T13:09:13.604Z,2020-09-24T13:09:13.604Z
52803,rp,527,0x0007,3198140611,0x00000000,2020-09-24T13:09:13.606Z,2020-09-24T13:09:13.606Z
52804,gate,Speed,0x000b,0,0x00000000,2020-09-24T13:09:13.614Z,2020-09-24T13:09:13.614Z
52805,gate,Position,0x000b,0.3,0x00000000,2020-09-24T13:09:13.614Z,2020-09-24T13:09:13.614Z
52806,gate,Safe,0x0001,true,0x00000000,2020-09-24T13:09:13.614Z,2020-09-24T13:09:13.614Z
52807,store,DiscSize,0x0003,1,0x00000000,2020-09-24T13:09:13.685Z,2020-09-24T13:09:13.685Z
52808,rp,528,0x0007,3186723855,0x00000000,2020-09-24T13:09:13.854Z,2020-09-24T13:09:13.854Z
52809,rp,529,0x0007,1053698685,0x00000000,2020-09-24T13:09:13.854Z,2020-09-24T13:09:13.854Z
52810,rp,527,0x0007,3198140708,0x00000000,2020-09-24T13:09:13.857Z,2020-09-24T13:09:13.857Z
52811,qc,DistanceY,0x000b,47.7419329584,0x00000000,2020-09-24T13:09:13.865Z,2020-09-24T13:09:13.865Z
52812,qc,DistanceAbs,0x000b,48.448228007,0x00000000,2020-09-24T13:09:13.865Z,2020-09-24T13:09:13.865Z
52813,qc,DistanceX,0x000b,8.242489576339999,0x00000000,2020-09-24T13:09:13.865Z,2020-09-24T13:09:13.865Z
52814,qc,ResultCode,0x0006,1.0,0x00000000,2020-09-24T13:09:13.865Z,2020-09-24T13:09:13.865Z
52815,gate,Speed,0x000b,0,0x00000000,2020-09-24T13:09:13.914Z,2020-09-24T13:09:13.914Z
52816,gate,Safe,0x0001,true,0x00000000,2020-09-24T13:09:13.914Z,2020-09-24T13:09:13.914Z
52817,gate,Position,0x000b,0.3,0x00000000,2020-09-24T13:09:13.914Z,2020-09-24T13:09:13.914Z
52818,store,DiscSize,0x0003,1,0x00000000,2020-09-24T13:09:13.985Z,2020-09-24T13:09:13.985Z
52819,rp,529,0x0007,1053861326,0x00000000,2020-09-24T13:09:14.104Z,2020-09-24T13:09:14.104Z
52820,rp,528,0x0007,3188121536,0x00000000,2020-09-24T13:09:14.107Z,2020-09-24T13:09:14.107Z
52821,rp,527,0x0007,3197512812,0x00000000,2020-09-24T13:09:14.110Z,2020-09-24T13:09:14.110Z
52822,qc,DistanceAbs,0x000b,48.448228007,0x00000000,2020-09-24T13:09:14.165Z,2020-09-24T13:09:14.165Z
52823,qc,DistanceX,0x000b,8.242489576339999,0x00000000,2020-09-24T13:09:14.165Z,2020-09-24T13:09:14.165Z
52824,qc,DistanceY,0x000b,47.7419329584,0x00000000,2020-09-24T13:09:14.165Z,2020-09-24T13:09:14.165Z
52825,qc,ResultCode,0x0006,1.0,0x00000000,2020-09-24T13:09:14.165Z,2020-09-24T13:09:14.165Z
52826,gate,Position,0x000b,0.3,0x00000000,2020-09-24T13:09:14.214Z,2020-09-24T13:09:14.214Z
52827,gate,Speed,0x000b,0,0x00000000,2020-09-24T13:09:14.214Z,2020-09-24T13:09:14.214Z
52828,gate,Safe,0x0001,true,0x00000000,2020-09-24T13:09:14.214Z,2020-09-24T13:09:14.214Z
52829,store,DiscSize,0x0003,1,0x00000000,2020-09-24T13:09:14.285Z,2020-09-24T13:09:14.285Z
52830,rp,529,0x0007,1054280181,0x00000000,2020-09-24T13:09:14.352Z,2020-09-24T13:09:14.352Z
52831,rp,528,0x0007,3190462212,0x00000000,2020-09-24T13:09:14.353Z,2020-09-24T13:09:14.353Z
52832,rp,527,0x0007,3194603540,0x00000000,2020-09-24T13:09:14.355Z,2020-09-24T13:09:14.355Z
52833,qc,DistanceAbs,0x000b,48.448228007,0x00000000,2020-09-24T13:09:14.465Z,2020-09-24T13:09:14.465Z
52834,qc,DistanceX,0x000b,8.242489576339999,0x00000000,2020-09-24T13:09:14.465Z,2020-09-24T13:09:14.465Z
52835,qc,DistanceY,0x000b,47.7419329584,0x00000000,2020-09-24T13:09:14.465Z,2020-09-24T13:09:14.465Z
52836,qc,ResultCode,0x0006,1.0,0x00000000,2020-09-24T13:09:14.465Z,2020-09-24T13:09:14.465Z
52837,gate,Speed,0x000b,0,0x00000000,2020-09-24T13:09:14.514Z,2020-09-24T13:09:14.514Z
52838,gate,Safe,0x0001,true,0x00000000,2020-09-24T13:09:14.514Z,2020-09-24T13:09:14.514Z
52839,gate,Position,0x000b,0.3,0x00000000,2020-09-24T13:09:14.514Z,2020-09-24T13:09:14.514Z
52840,store,DiscSize,0x0003,1,0x00000000,2020-09-24T13:09:14.585Z,2020-09-24T13:09:14.585Z
52841,rp,529,0x0007,1054526710,0x00000000,2020-09-24T13:09:14.603Z,2020-09-24T13:09:14.603Z
52842,rp,528,0x0007,3191142900,0x00000000,2020-09-24T13:09:14.603Z,2020-09-24T13:09:14.603Z
52843,rp,527,0x0007,3188372092,0x00000000,2020-09-24T13:09:14.606Z,2020-09-24T13:09:14.606Z
52844,qc,DistanceX,0x000b,8.242489576339999,0x00000000,2020-09-24T13:09:14.765Z,2020-09-24T13:09:14.765Z
52845,qc,DistanceAbs,0x000b,48.448228007,0x00000000,2020-09-24T13:09:14.765Z,2020-09-24T13:09:14.765Z
52846,qc,DistanceY,0x000b,47.7419329584,0x00000000,2020-09-24T13:09:14.765Z,2020-09-24T13:09:14.765Z
52847,qc,ResultCode,0x0006,1.0,0x00000000,2020-09-24T13:09:14.765Z,2020-09-24T13:09:14.765Z
52848,gate,Position,0x000b,14.3,0x00000000,2020-09-24T13:09:14.814Z,2020-09-24T13:09:14.814Z
52849,gate,Safe,0x0001,false,0x00000000,2020-09-24T13:09:14.814Z,2020-09-24T13:09:14.814Z
52850,gate,Speed,0x000b,60,0x00000000,2020-09-24T13:09:14.814Z,2020-09-24T13:09:14.814Z
52851,rp,529,0x0007,1054453130,0x00000000,2020-09-24T13:09:14.854Z,2020-09-24T13:09:14.854Z
52852,rp,528,0x0007,3190435570,0x00000000,2020-09-24T13:09:14.854Z,2020-09-24T13:09:14.854Z
52853,rp,527,0x0007,3183681843,0x00000000,2020-09-24T13:09:14.856Z,2020-09-24T13:09:14.856Z
52854,store,DiscSize,0x0003,1,0x00000000,2020-09-24T13:09:14.885Z,2020-09-24T13:09:14.885Z
52855,qc,DistanceX,0x000b,8.242489576339999,0x00000000,2020-09-24T13:09:15.065Z,2020-09-24T13:09:15.065Z
52856,qc,DistanceAbs,0x000b,48.448228007,0x00000000,2020-09-24T13:09:15.065Z,2020-09-24T13:09:15.065Z
52857,qc,ResultCode,0x0006,1.0,0x00000000,2020-09-24T13:09:15.065Z,2020-09-24T13:09:15.065Z
52858,qc,DistanceY,0x000b,47.7419329584,0x00000000,2020-09-24T13:09:15.065Z,2020-09-24T13:09:15.065Z
52859,rp,529,0x0007,1054421144,0x00000000,2020-09-24T13:09:15.102Z,2020-09-24T13:09:15.102Z
52860,rp,528,0x0007,3190269826,0x00000000,2020-09-24T13:09:15.107Z,2020-09-24T13:09:15.107Z
52861,rp,527,0x0007,3182572464,0x00000000,2020-09-24T13:09:15.109Z,2020-09-24T13:09:15.109Z
52862,gate,Position,0x000b,27.4,0x00000000,2020-09-24T13:09:15.114Z,2020-09-24T13:09:15.114Z
52863,gate,Speed,0x000b,40,0x00000000,2020-09-24T13:09:15.114Z,2020-09-24T13:09:15.114Z
52864,gate,Safe,0x0001,false,0x00000000,2020-09-24T13:09:15.114Z,2020-09-24T13:09:15.114Z
52865,store,DiscSize,0x0003,1,0x00000000,2020-09-24T13:09:15.185Z,2020-09-24T13:09:15.185Z
52866,rp,529,0x0007,1054425498,0x00000000,2020-09-24T13:09:15.352Z,2020-09-24T13:09:15.352Z
52867,rp,528,0x0007,3190735598,0x00000000,2020-09-24T13:09:15.355Z,2020-09-24T13:09:15.355Z
52868,rp,527,0x0007,3179034007,0x00000000,2020-09-24T13:09:15.357Z,2020-09-24T13:09:15.357Z
52869,qc,DistanceAbs,0x000b,48.448228007,0x00000000,2020-09-24T13:09:15.365Z,2020-09-24T13:09:15.365Z
52870,qc,DistanceX,0x000b,8.242489576339999,0x00000000,2020-09-24T13:09:15.365Z,2020-09-24T13:09:15.365Z
52871,qc,DistanceY,0x000b,47.7419329584,0x00000000,2020-09-24T13:09:15.365Z,2020-09-24T13:09:15.365Z
52872,qc,ResultCode,0x0006,1.0,0x00000000,2020-09-24T13:09:15.365Z,2020-09-24T13:09:15.365Z
52873,gate,Position,0x000b,39.6,0x00000000,2020-09-24T13:09:15.414Z,2020-09-24T13:09:15.414Z
52874,gate,Speed,0x000b,50,0x00000000,2020-09-24T13:09:15.414Z,2020-09-24T13:09:15.414Z
52875,gate,Safe,0x0001,false,0x00000000,2020-09-24T13:09:15.414Z,2020-09-24T13:09:15.414Z
52876,store,DiscSize,0x0003,1,0x00000000,2020-09-24T13:09:15.485Z,2020-09-24T13:09:15.485Z
52877,rp,528,0x0007,3190945838,0x00000000,2020-09-24T13:09:15.603Z,2020-09-24T13:09:15.603Z
52878,rp,527,0x0007,3156254901,0x00000000,2020-09-24T13:09:15.603Z,2020-09-24T13:09:15.603Z
52879,rp,529,0x0007,1054427332,0x00000000,2020-09-24T13:09:15.603Z,2020-09-24T13:09:15.603Z
52880,qc,ResultCode,0x0006,1.0,0x00000000,2020-09-24T13:09:15.665Z,2020-09-24T13:09:15.665Z
52881,qc,DistanceY,0x000b,47.7419329584,0x00000000,2020-09-24T13:09:15.665Z,2020-09-24T13:09:15.665Z
52882,qc,DistanceX,0x000b,8.242489576339999,0x00000000,2020-09-24T13:09:15.665Z,2020-09-24T13:09:15.665Z
52883,qc,DistanceAbs,0x000b,48.448228007,0x00000000,2020-09-24T13:09:15.665Z,2020-09-24T13:09:15.665Z
52884,gate,Position,0x000b,51.6,0x00000000,2020-09-24T13:09:15.714Z,2020-09-24T13:09:15.714Z
52885,gate,Speed,0x000b,30,0x00000000,2020-09-24T13:09:15.714Z,2020-09-24T13:09:15.714Z
52886,gate,Safe,0x0001,false,0x00000000,2020-09-24T13:09:15.714Z,2020-09-24T13:09:15.714Z
52887,store,DiscSize,0x0003,1,0x00000000,2020-09-24T13:09:15.785Z,2020-09-24T13:09:15.785Z
52888,rp,529,0x0007,1054421603,0x00000000,2020-09-24T13:09:15.853Z,2020-09-24T13:09:15.853Z
52889,rp,528,0x0007,3190421566,0x00000000,2020-09-24T13:09:15.854Z,2020-09-24T13:09:15.854Z
52890,rp,527,0x0007,1021714768,0x00000000,2020-09-24T13:09:15.856Z,2020-09-24T13:09:15.856Z
52891,qc,ResultCode,0x0006,1.0,0x00000000,2020-09-24T13:09:15.965Z,2020-09-24T13:09:15.965Z
52892,qc,DistanceY,0x000b,47.7419329584,0x00000000,2020-09-24T13:09:15.965Z,2020-09-24T13:09:15.965Z
52893,qc,DistanceAbs,0x000b,48.448228007,0x00000000,2020-09-24T13:09:15.965Z,2020-09-24T13:09:15.965Z
52894,qc,DistanceX,0x000b,8.242489576339999,0x00000000,2020-09-24T13:09:15.965Z,2020-09-24T13:09:15.965Z
52895,gate,Safe,0x0001,false,0x00000000,2020-09-24T13:09:16.014Z,2020-09-24T13:09:16.014Z
52896,gate,Speed,0x000b,40,0x00000000,2020-09-24T13:09:16.014Z,2020-09-24T13:09:16.014Z
52897,gate,Position,0x000b,63.8,0x00000000,2020-09-24T13:09:16.014Z,2020-09-24T13:09:16.014Z
52898,store,DiscSize,0x0003,1,0x00000000,2020-09-24T13:09:16.085Z,2020-09-24T13:09:16.085Z
52899,rp,529,0x0007,1054410031,0x00000000,2020-09-24T13:09:16.104Z,2020-09-24T13:09:16.104Z
52900,rp,528,0x0007,3190226941,0x00000000,2020-09-24T13:09:16.104Z,2020-09-24T13:09:16.104Z
52901,rp,527,0x0007,1025309921,0x00000000,2020-09-24T13:09:16.107Z,2020-09-24T13:09:16.107Z
52902,qc,DistanceAbs,0x000b,48.448228007,0x00000000,2020-09-24T13:09:16.265Z,2020-09-24T13:09:16.265Z
52903,qc,DistanceX,0x000b,8.242489576339999,0x00000000,2020-09-24T13:09:16.265Z,2020-09-24T13:09:16.265Z
52904,qc,DistanceY,0x000b,47.7419329584,0x00000000,2020-09-24T13:09:16.265Z,2020-09-24T13:09:16.265Z
52905,qc,ResultCode,0x0006,1.0,0x00000000,2020-09-24T13:09:16.265Z,2020-09-24T13:09:16.265Z
52906,gate,Safe,0x0001,false,0x00000000,2020-09-24T13:09:16.314Z,2020-09-24T13:09:16.314Z
52907,gate,Speed,0x000b,50,0x00000000,2020-09-24T13:09:16.314Z,2020-09-24T13:09:16.314Z
52908,gate,Position,0x000b,76.3,0x00000000,2020-09-24T13:09:16.314Z,2020-09-24T13:09:16.314Z
52909,rp,528,0x0007,3189894297,0x00000000,2020-09-24T13:09:16.354Z,2020-09-24T13:09:16.354Z
52910,rp,529,0x0007,1054208264,0x00000000,2020-09-24T13:09:16.354Z,2020-09-24T13:09:16.354Z
52911,rp,527,0x0007,1035174385,0x00000000,2020-09-24T13:09:16.357Z,2020-09-24T13:09:16.357Z
52912,store,DiscSize,0x0003,1,0x00000000,2020-09-24T13:09:16.385Z,2020-09-24T13:09:16.385Z
52913,qc,DistanceY,0x000b,47.7419329584,0x00000000,2020-09-24T13:09:16.565Z,2020-09-24T13:09:16.565Z
52914,qc,DistanceX,0x000b,8.242489576339999,0x00000000,2020-09-24T13:09:16.565Z,2020-09-24T13:09:16.565Z
52915,qc,DistanceAbs,0x000b,48.448228007,0x00000000,2020-09-24T13:09:16.565Z,2020-09-24T13:09:16.565Z
52916,qc,ResultCode,0x0006,1.0,0x00000000,2020-09-24T13:09:16.565Z,2020-09-24T13:09:16.565Z
52917,rp,529,0x0007,1053941472,0x00000000,2020-09-24T13:09:16.602Z,2020-09-24T13:09:16.602Z
52918,rp,528,0x0007,3189486420,0x00000000,2020-09-24T13:09:16.602Z,2020-09-24T13:09:16.602Z
52919,rp,527,0x0007,1041799426,0x00000000,2020-09-24T13:09:16.605Z,2020-09-24T13:09:16.605Z
52920,gate,Speed,0x000b,40,0x00000000,2020-09-24T13:09:16.614Z,2020-09-24T13:09:16.614Z
52921,gate,Position,0x000b,88.8,0x00000000,2020-09-24T13:09:16.614Z,2020-09-24T13:09:16.614Z
52922,gate,Safe,0x0001,false,0x00000000,2020-09-24T13:09:16.614Z,2020-09-24T13:09:16.614Z
52923,store,DiscSize,0x0003,1,0x00000000,2020-09-24T13:09:16.685Z,2020-09-24T13:09:16.685Z
52924,rp,529,0x0007,1053689000,0x00000000,2020-09-24T13:09:16.852Z,2020-09-24T13:09:16.852Z
52925,rp,528,0x0007,3189082853,0x00000000,2020-09-24T13:09:16.853Z,2020-09-24T13:09:16.853Z
52926,rp,527,0x0007,1045902628,0x00000000,2020-09-24T13:09:16.855Z,2020-09-24T13:09:16.855Z
52927,qc,DistanceY,0x000b,47.7419329584,0x00000000,2020-09-24T13:09:16.865Z,2020-09-24T13:09:16.865Z
52928,qc,DistanceAbs,0x000b,48.448228007,0x00000000,2020-09-24T13:09:16.865Z,2020-09-24T13:09:16.865Z
52929,qc,ResultCode,0x0006,1.0,0x00000000,2020-09-24T13:09:16.865Z,2020-09-24T13:09:16.865Z
52930,qc,DistanceX,0x000b,8.242489576339999,0x00000000,2020-09-24T13:09:16.865Z,2020-09-24T13:09:16.865Z
52931,gate,Safe,0x0001,false,0x00000000,2020-09-24T13:09:16.914Z,2020-09-24T13:09:16.914Z
52932,gate,Speed,0x000b,0,0x00000000,2020-09-24T13:09:16.914Z,2020-09-24T13:09:16.914Z
52933,gate,Position,0x000b,93.3,0x00000000,2020-09-24T13:09:16.914Z,2020-09-24T13:09:16.914Z
52934,store,DiscSize,0x0003,1,0x00000000,2020-09-24T13:09:16.985Z,2020-09-24T13:09:16.985Z
52935,rp,529,0x0007,1053427302,0x00000000,2020-09-24T13:09:17.103Z,2020-09-24T13:09:17.103Z
52936,rp,528,0x0007,3188679633,0x00000000,2020-09-24T13:09:17.103Z,2020-09-24T13:09:17.103Z
52937,rp,527,0x0007,1049298138,0x00000000,2020-09-24T13:09:17.106Z,2020-09-24T13:09:17.106Z
52938,qc,ResultCode,0x0006,1.0,0x00000000,2020-09-24T13:09:17.165Z,2020-09-24T13:09:17.165Z
52939,qc,DistanceY,0x000b,47.7419329584,0x00000000,2020-09-24T13:09:17.165Z,2020-09-24T13:09:17.165Z
52940,qc,DistanceX,0x000b,8.242489576339999,0x00000000,2020-09-24T13:09:17.165Z,2020-09-24T13:09:17.165Z
52941,qc,DistanceAbs,0x000b,48.448228007,0x00000000,2020-09-24T13:09:17.165Z,2020-09-24T13:09:17.165Z
52942,gate,Position,0x000b,86.1,0x00000000,2020-09-24T13:09:17.214Z,2020-09-24T13:09:17.214Z
52943,gate,Speed,0x000b,-30,0x00000000,2020-09-24T13:09:17.214Z,2020-09-24T13:09:17.214Z
52944,gate,Safe,0x0001,false,0x00000000,2020-09-24T13:09:17.214Z,2020-09-24T13:09:17.214Z
52945,store,DiscSize,0x0003,1,0x00000000,2020-09-24T13:09:17.285Z,2020-09-24T13:09:17.285Z
52946,rp,528,0x0007,3188357946,0x00000000,2020-09-24T13:09:17.354Z,2020-09-24T13:09:17.354Z
52947,rp,529,0x0007,1053226833,0x00000000,2020-09-24T13:09:17.354Z,2020-09-24T13:09:17.354Z
52948,rp,527,0x0007,1050917090,0x00000000,2020-09-24T13:09:17.357Z,2020-09-24T13:09:17.357Z
52949,qc,DistanceAbs,0x000b,48.448228007,0x00000000,2020-09-24T13:09:17.465Z,2020-09-24T13:09:17.465Z
52950,qc,DistanceX,0x000b,8.242489576339999,0x00000000,2020-09-24T13:09:17.465Z,2020-09-24T13:09:17.465Z
52951,qc,DistanceY,0x000b,47.7419329584,0x00000000,2020-09-24T13:09:17.465Z,2020-09-24T13:09:17.465Z
52952,qc,ResultCode,0x0006,1.0,0x00000000,2020-09-24T13:09:17.465Z,2020-09-24T13:09:17.465Z
52953,gate,Safe,0x0001,false,0x00000000,2020-09-24T13:09:17.514Z,2020-09-24T13:09:17.514Z
52954,gate,Speed,0x000b,-30,0x00000000,2020-09-24T13:09:17.514Z,2020-09-24T13:09:17.514Z
52955,gate,Position,0x000b,77,0x00000000,2020-09-24T13:09:17.514Z,2020-09-24T13:09:17.514Z
52956,store,DiscSize,0x0003,1,0x00000000,2020-09-24T13:09:17.585Z,2020-09-24T13:09:17.585Z
52957,rp,529,0x0007,1052542440,0x00000000,2020-09-24T13:09:17.602Z,2020-09-24T13:09:17.602Z
52958,rp,528,0x0007,3189101935,0x00000000,2020-09-24T13:09:17.605Z,2020-09-24T13:09:17.605Z
52959,rp,527,0x0007,1050970297,0x00000000,2020-09-24T13:09:17.607Z,2020-09-24T13:09:17.607Z
52960,qc,DistanceY,0x000b,47.7419329584,0x00000000,2020-09-24T13:09:17.765Z,2020-09-24T13:09:17.765Z
52961,qc,ResultCode,0x0006,1.0,0x00000000,2020-09-24T13:09:17.765Z,2020-09-24T13:09:17.765Z
52962,qc,DistanceAbs,0x000b,48.448228007,0x00000000,2020-09-24T13:09:17.765Z,2020-09-24T13:09:17.765Z
52963,qc,DistanceX,0x000b,8.242489576339999,0x00000000,2020-09-24T13:09:17.765Z,2020-09-24T13:09:17.765Z
52964,gate,Safe,0x0001,false,0x00000000,2020-09-24T13:09:17.814Z,2020-09-24T13:09:17.814Z
52965,gate,Speed,0x000b,-30,0x00000000,2020-09-24T13:09:17.814Z,2020-09-24T13:09:17.814Z
52966,gate,Position,0x000b,67.4,0x00000000,2020-09-24T13:09:17.814Z,2020-09-24T13:09:17.814Z
52967,rp,529,0x0007,1051538962,0x00000000,2020-09-24T13:09:17.852Z,2020-09-24T13:09:17.852Z
52968,rp,528,0x0007,3190254680,0x00000000,2020-09-24T13:09:17.853Z,2020-09-24T13:09:17.853Z
52969,rp,527,0x0007,1050955164,0x00000000,2020-09-24T13:09:17.855Z,2020-09-24T13:09:17.855Z
52970,store,DiscSize,0x0003,1,0x00000000,2020-09-24T13:09:17.885Z,2020-09-24T13:09:17.885Z
52971,qc,ResultCode,0x0006,1.0,0x00000000,2020-09-24T13:09:18.065Z,2020-09-24T13:09:18.065Z
52972,qc,DistanceY,0x000b,47.7419329584,0x00000000,2020-09-24T13:09:18.065Z,2020-09-24T13:09:18.065Z
52973,qc,DistanceX,0x000b,8.242489576339999,0x00000000,2020-09-24T13:09:18.065Z,2020-09-24T13:09:18.065Z
52974,qc,DistanceAbs,0x000b,48.448228007,0x00000000,2020-09-24T13:09:18.065Z,2020-09-24T13:09:18.065Z
52975,rp,528,0x0007,3190245384,0x00000000,2020-09-24T13:09:18.103Z,2020-09-24T13:09:18.103Z
52976,rp,527,0x0007,1050956894,0x00000000,2020-09-24T13:09:18.103Z,2020-09-24T13:09:18.103Z
52977,rp,529,0x0007,1051543460,0x00000000,2020-09-24T13:09:18.103Z,2020-09-24T13:09:18.103Z
52978,gate,Speed,0x000b,-40,0x00000000,2020-09-24T13:09:18.114Z,2020-09-24T13:09:18.114Z
52979,gate,Position,0x000b,57.6,0x00000000,2020-09-24T13:09:18.114Z,2020-09-24T13:09:18.114Z
52980,gate,Safe,0x0001,false,0x00000000,2020-09-24T13:09:18.114Z,2020-09-24T13:09:18.114Z
52981,store,DiscSize,0x0003,1,0x00000000,2020-09-24T13:09:18.185Z,2020-09-24T13:09:18.185Z
52982,rp,528,0x0007,3190245181,0x00000000,2020-09-24T13:09:18.353Z,2020-09-24T13:09:18.353Z
52983,rp,529,0x0007,1051544863,0x00000000,2020-09-24T13:09:18.353Z,2020-09-24T13:09:18.353Z
52984,rp,527,0x0007,1050957835,0x00000000,2020-09-24T13:09:18.356Z,2020-09-24T13:09:18.356Z
52985,qc,ResultCode,0x0006,1.0,0x00000000,2020-09-24T13:09:18.365Z,2020-09-24T13:09:18.365Z
52986,qc,DistanceAbs,0x000b,48.448228007,0x00000000,2020-09-24T13:09:18.365Z,2020-09-24T13:09:18.365Z
52987,qc,DistanceX,0x000b,8.242489576339999,0x00000000,2020-09-24T13:09:18.365Z,2020-09-24T13:09:18.365Z
52988,qc,DistanceY,0x000b,47.7419329584,0x00000000,2020-09-24T13:09:18.365Z,2020-09-24T13:09:18.365Z
52989,gate,Safe,0x0001,false,0x00000000,2020-09-24T13:09:18.414Z,2020-09-24T13:09:18.414Z
52990,gate,Position,0x000b,47.5,0x00000000,2020-09-24T13:09:18.414Z,2020-09-24T13:09:18.414Z
52991,gate,Speed,0x000b,-30,0x00000000,2020-09-24T13:09:18.414Z,2020-09-24T13:09:18.414Z
52992,store,DiscSize,0x0003,1,0x00000000,2020-09-24T13:09:18.485Z,2020-09-24T13:09:18.485Z
52993,rp,529,0x0007,1051663082,0x00000000,2020-09-24T13:09:18.609Z,2020-09-24T13:09:18.609Z
52994,rp,528,0x0007,3190243148,0x00000000,2020-09-24T13:09:18.612Z,2020-09-24T13:09:18.612Z
52995,rp,527,0x0007,1050941452,0x00000000,2020-09-24T13:09:18.614Z,2020-09-24T13:09:18.614Z
52996,qc,ResultCode,0x0006,1.0,0x00000000,2020-09-24T13:09:18.665Z,2020-09-24T13:09:18.665Z
52997,qc,DistanceX,0x000b,8.242489576339999,0x00000000,2020-09-24T13:09:18.665Z,2020-09-24T13:09:18.665Z
52998,qc,DistanceAbs,0x000b,48.448228007,0x00000000,2020-09-24T13:09:18.665Z,2020-09-24T13:09:18.665Z
52999,qc,DistanceY,0x000b,47.7419329584,0x00000000,2020-09-24T13:09:18.665Z,2020-09-24T13:09:18.665Z
53000,gate,Safe,0x0001,false,0x00000000,2020-09-24T13:09:18.714Z,2020-09-24T13:09:18.714Z
53001,gate,Speed,0x000b,-30,0x00000000,2020-09-24T13:09:18.714Z,2020-09-24T13:09:18.714Z
53002,gate,Position,0x000b,37.4,0x00000000,2020-09-24T13:09:18.714Z,2020-09-24T13:09:18.714Z
53003,store,DiscSize,0x0003,0,0x00000000,2020-09-24T13:09:18.785Z,2020-09-24T13:09:18.785Z
53004,rp,529,0x0007,1053396254,0x00000000,2020-09-24T13:09:18.852Z,2020-09-24T13:09:18.852Z
53005,rp,528,0x0007,3190242182,0x00000000,2020-09-24T13:09:18.855Z,2020-09-24T13:09:18.855Z
53006,rp,527,0x0007,1050727155,0x00000000,2020-09-24T13:09:18.857Z,2020-09-24T13:09:18.857Z
53007,qc,ResultCode,0x0006,1.0,0x00000000,2020-09-24T13:09:18.965Z,2020-09-24T13:09:18.965Z
53008,qc,DistanceAbs,0x000b,48.448228007,0x00000000,2020-09-24T13:09:18.965Z,2020-09-24T13:09:18.965Z
53009,qc,DistanceY,0x000b,47.7419329584,0x00000000,2020-09-24T13:09:18.965Z,2020-09-24T13:09:18.965Z
53010,qc,DistanceX,0x000b,8.242489576339999,0x00000000,2020-09-24T13:09:18.965Z,2020-09-24T13:09:18.965Z
53011,gate,Safe,0x0001,false,0x00000000,2020-09-24T13:09:19.014Z,2020-09-24T13:09:19.014Z
53012,gate,Speed,0x000b,-40,0x00000000,2020-09-24T13:09:19.014Z,2020-09-24T13:09:19.014Z
53013,gate,Position,0x000b,27.3,0x00000000,2020-09-24T13:09:19.014Z,2020-09-24T13:09:19.014Z
53014,store,DiscSize,0x0003,0,0x00000000,2020-09-24T13:09:19.085Z,2020-09-24T13:09:19.085Z
53015,rp,529,0x0007,1054416095,0x00000000,2020-09-24T13:09:19.102Z,2020-09-24T13:09:19.102Z
53016,rp,528,0x0007,3190244215,0x00000000,2020-09-24T13:09:19.103Z,2020-09-24T13:09:19.103Z
53017,rp,527,0x0007,1050612983,0x00000000,2020-09-24T13:09:19.105Z,2020-09-24T13:09:19.105Z
53018,qc,DistanceY,0x000b,47.7419329584,0x00000000,2020-09-24T13:09:19.265Z,2020-09-24T13:09:19.265Z
53019,qc,DistanceX,0x000b,8.242489576339999,0x00000000,2020-09-24T13:09:19.265Z,2020-09-24T13:09:19.265Z
53020,qc,DistanceAbs,0x000b,48.448228007,0x00000000,2020-09-24T13:09:19.265Z,2020-09-24T13:09:19.265Z
53021,qc,ResultCode,0x0006,1.0,0x00000000,2020-09-24T13:09:19.265Z,2020-09-24T13:09:19.265Z
53022,gate,Safe,0x0001,false,0x00000000,2020-09-24T13:09:19.314Z,2020-09-24T13:09:19.314Z
53023,gate,Speed,0x000b,-30,0x00000000,2020-09-24T13:09:19.314Z,2020-09-24T13:09:19.314Z
53024,gate,Position,0x000b,17,0x00000000,2020-09-24T13:09:19.314Z,2020-09-24T13:09:19.314Z
53025,rp,529,0x0007,1054756430,0x00000000,2020-09-24T13:09:19.353Z,2020-09-24T13:09:19.353Z
53026,rp,528,0x0007,3191165462,0x00000000,2020-09-24T13:09:19.353Z,2020-09-24T13:09:19.353Z
53027,rp,527,0x0007,1049204583,0x00000000,2020-09-24T13:09:19.355Z,2020-09-24T13:09:19.355Z
53028,store,DiscSize,0x0003,0,0x00000000,2020-09-24T13:09:19.385Z,2020-09-24T13:09:19.385Z
53029,qc,DistanceY,0x000b,47.7419329584,0x00000000,2020-09-24T13:09:19.565Z,2020-09-24T13:09:19.565Z
53030,qc,ResultCode,0x0006,1.0,0x00000000,2020-09-24T13:09:19.565Z,2020-09-24T13:09:19.565Z
53031,qc,DistanceAbs,0x000b,48.448228007,0x00000000,2020-09-24T13:09:19.565Z,2020-09-24T13:09:19.565Z
53032,qc,DistanceX,0x000b,8.242489576339999,0x00000000,2020-09-24T13:09:19.565Z,2020-09-24T13:09:19.565Z
53033,rp,528,0x0007,3191983397,0x00000000,2020-09-24T13:09:19.603Z,2020-09-24T13:09:19.603Z
53034,rp,529,0x0007,1055083312,0x00000000,2020-09-24T13:09:19.603Z,2020-09-24T13:09:19.603Z
53035,rp,527,0x0007,1042377920,0x00000000,2020-09-24T13:09:19.606Z,2020-09-24T13:09:19.606Z
53036,gate,Safe,0x0001,false,0x00000000,2020-09-24T13:09:19.614Z,2020-09-24T13:09:19.614Z
53037,gate,Speed,0x000b,-50,0x00000000,2020-09-24T13:09:19.614Z,2020-09-24T13:09:19.614Z
53038,gate,Position,0x000b,6.7,0x00000000,2020-09-24T13:09:19.614Z,2020-09-24T13:09:19.614Z
53039,store,DiscSize,0x0003,0,0x00000000,2020-09-24T13:09:19.685Z,2020-09-24T13:09:19.685Z
53040,rp,529,0x0007,1054690704,0x00000000,2020-09-24T13:09:19.853Z,2020-09-24T13:09:19.853Z
53041,rp,528,0x0007,3190889249,0x00000000,2020-09-24T13:09:19.854Z,2020-09-24T13:09:19.854Z
53042,rp,527,0x0007,1031842315,0x00000000,2020-09-24T13:09:19.856Z,2020-09-24T13:09:19.856Z
53043,qc,ResultCode,0x0006,1.0,0x00000000,2020-09-24T13:09:19.865Z,2020-09-24T13:09:19.865Z
53044,qc,DistanceY,0x000b,47.7419329584,0x00000000,2020-09-24T13:09:19.865Z,2020-09-24T13:09:19.865Z
53045,qc,DistanceX,0x000b,8.242489576339999,0x00000000,2020-09-24T13:09:19.865Z,2020-09-24T13:09:19.865Z
53046,qc,DistanceAbs,0x000b,48.448228007,0x00000000,2020-09-24T13:09:19.865Z,2020-09-24T13:09:19.865Z
53047,gate,Safe,0x0001,true,0x00000000,2020-09-24T13:09:19.914Z,2020-09-24T13:09:19.914Z
53048,gate,Position,0x000b,0.3,0x00000000,2020-09-24T13:09:19.914Z,2020-09-24T13:09:19.914Z
53049,gate,Speed,0x000b,0,0x00000000,2020-09-24T13:09:19.914Z,2020-09-24T13:09:19.914Z
53050,store,DiscSize,0x0003,0,0x00000000,2020-09-24T13:09:19.985Z,2020-09-24T13:09:19.985Z
53051,rp,529,0x0007,1054420229,0x00000000,2020-09-24T13:09:20.104Z,2020-09-24T13:09:20.104Z
53052,rp,528,0x0007,3190233058,0x00000000,2020-09-24T13:09:20.104Z,2020-09-24T13:09:20.104Z
53053,rp,527,0x0007,1024534894,0x00000000,2020-09-24T13:09:20.107Z,2020-09-24T13:09:20.107Z
53054,qc,DistanceY,0x000b,21.2903214544,0x00000000,2020-09-24T13:09:20.165Z,2020-09-24T13:09:20.165Z
53055,qc,DistanceX,0x000b,15.4004410505,0x00000000,2020-09-24T13:09:20.165Z,2020-09-24T13:09:20.165Z
53056,qc,ResultCode,0x0006,1.0,0x00000000,2020-09-24T13:09:20.165Z,2020-09-24T13:09:20.165Z
53057,qc,DistanceAbs,0x000b,26.2764413912,0x00000000,2020-09-24T13:09:20.165Z,2020-09-24T13:09:20.165Z
53058,gate,Speed,0x000b,0,0x00000000,2020-09-24T13:09:20.214Z,2020-09-24T13:09:20.214Z
53059,gate,Position,0x000b,0.3,0x00000000,2020-09-24T13:09:20.214Z,2020-09-24T13:09:20.214Z
53060,gate,Safe,0x0001,true,0x00000000,2020-09-24T13:09:20.214Z,2020-09-24T13:09:20.214Z
53061,store,DiscSize,0x0003,0,0x00000000,2020-09-24T13:09:20.285Z,2020-09-24T13:09:20.285Z
53062,rp,529,0x0007,1054421561,0x00000000,2020-09-24T13:09:20.354Z,2020-09-24T13:09:20.354Z
53063,rp,528,0x0007,3190565112,0x00000000,2020-09-24T13:09:20.354Z,2020-09-24T13:09:20.354Z
53064,rp,527,0x0007,1017943794,0x00000000,2020-09-24T13:09:20.357Z,2020-09-24T13:09:20.357Z
53065,qc,DistanceAbs,0x000b,26.2764413912,0x00000000,2020-09-24T13:09:20.465Z,2020-09-24T13:09:20.465Z
53066,qc,ResultCode,0x0006,1.0,0x00000000,2020-09-24T13:09:20.465Z,2020-09-24T13:09:20.465Z
53067,qc,DistanceX,0x000b,15.4004410505,0x00000000,2020-09-24T13:09:20.465Z,2020-09-24T13:09:20.465Z
53068,qc,DistanceY,0x000b,21.2903214544,0x00000000,2020-09-24T13:09:20.465Z,2020-09-24T13:09:20.465Z
53069,gate,Speed,0x000b,0,0x00000000,2020-09-24T13:09:20.514Z,2020-09-24T13:09:20.514Z
53070,gate,Safe,0x0001,true,0x00000000,2020-09-24T13:09:20.514Z,2020-09-24T13:09:20.514Z
53071,gate,Position,0x000b,0.3,0x00000000,2020-09-24T13:09:20.514Z,2020-09-24T13:09:20.514Z
53072,store,DiscSize,0x0003,0,0x00000000,2020-09-24T13:09:20.585Z,2020-09-24T13:09:20.585Z
53073,rp,529,0x0007,1054428570,0x00000000,2020-09-24T13:09:20.603Z,2020-09-24T13:09:20.603Z
53074,rp,527,0x0007,3166910951,0x00000000,2020-09-24T13:09:20.605Z,2020-09-24T13:09:20.605Z
53075,rp,528,0x0007,3190997169,0x00000000,2020-09-24T13:09:20.605Z,2020-09-24T13:09:20.605Z
53076,qc,DistanceY,0x000b,21.2903214544,0x00000000,2020-09-24T13:09:20.765Z,2020-09-24T13:09:20.765Z
53077,qc,DistanceX,0x000b,15.4004410505,0x00000000,2020-09-24T13:09:20.765Z,2020-09-24T13:09:20.765Z
53078,qc,ResultCode,0x0006,1.0,0x00000000,2020-09-24T13:09:20.765Z,2020-09-24T13:09:20.765Z
53079,qc,DistanceAbs,0x000b,26.2764413912,0x00000000,2020-09-24T13:09:20.765Z,2020-09-24T13:09:20.765Z
53080,gate,Speed,0x000b,0,0x00000000,2020-09-24T13:09:20.814Z,2020-09-24T13:09:20.814Z
53081,gate,Position,0x000b,0.3,0x00000000,2020-09-24T13:09:20.814Z,2020-09-24T13:09:20.814Z
53082,gate,Safe,0x0001,true,0x00000000,2020-09-24T13:09:20.814Z,2020-09-24T13:09:20.814Z
53083,rp,529,0x0007,1054422903,0x00000000,2020-09-24T13:09:20.853Z,2020-09-24T13:09:20.853Z
53084,rp,528,0x0007,3190600411,0x00000000,2020-09-24T13:09:20.853Z,2020-09-24T13:09:20.853Z
53085,rp,527,0x0007,3180667469,0x00000000,2020-09-24T13:09:20.856Z,2020-09-24T13:09:20.856Z
943,,27,NA,810,NA,NA,NA
944,,28,NA,845,NA,NA,NA
945,,29,NA,914,NA,NA,NA
